Date,Team1,Team2,Winner,Venue
2-18-2022, Sri Lanka , Australia,Australia,Melbourne Cricket Ground
2-18-2022, India , West Indies,India,Eden Gardens
2-18-2022, Nepal , Oman,Nepal,Al Amerat Cricket Ground Oman Cricket (Ministry Turf 1)
2-18-2022, Canada , Philippines,Canada,Al Amerat Cricket Ground Oman Cricket (Ministry Turf 2)
2-18-2022, UAE , Ireland,United Arab Emirates,Al Amerat Cricket Ground Oman Cricket (Ministry Turf 1)
2-18-2022, Germany , Bahrain,Bahrain,Al Amerat Cricket Ground Oman Cricket (Ministry Turf 2)
2-16-2022, West Indies , India,India,Eden Gardens
2-15-2022, Sri Lanka , Australia,Australia,Manuka Oval
2-14-2022, UAE , Oman,Oman,Al Amerat Cricket Ground Oman Cricket (Ministry Turf 1)
2-14-2022, Ireland , Nepal,Ireland,Al Amerat Cricket Ground Oman Cricket (Ministry Turf 1)
2-13-2022, Australia , Sri Lanka,tie,Sydney Cricket Ground
2-13-2022, UAE , Ireland,United Arab Emirates,Al Amerat Cricket Ground Oman Cricket (Ministry Turf 1)
02-12-2022, Oman , Ireland,Ireland,Al Amerat Cricket Ground Oman Cricket (Ministry Turf 1)
02-12-2022, UAE , Nepal,United Arab Emirates,Al Amerat Cricket Ground Oman Cricket (Ministry Turf 1)
02-11-2022, Australia , Sri Lanka,Australia,Sydney Cricket Ground
02-11-2022, Oman , Nepal,Nepal,Al Amerat Cricket Ground Oman Cricket (Ministry Turf 1)
1-30-2022, West Indies , England,West Indies,Kensington Oval
1-29-2022, England , West Indies,England,Kensington Oval
1-26-2022, West Indies , England,West Indies,Kensington Oval
1-23-2022, England , West Indies,England,Kensington Oval
1-22-2022, England , West Indies,West Indies,Kensington Oval
12-23-2021, Ireland , USA,Ireland,Central Broward Regional Park Stadium Turf Ground
12-22-2021, USA , Ireland,United States of America,Central Broward Regional Park Stadium Turf Ground
12-16-2021, West Indies , Pakistan,Pakistan,National Stadium
12-14-2021, Pakistan , West Indies,Pakistan,National Stadium
12-13-2021, Pakistan , West Indies,Pakistan,National Stadium
11-22-2021, Bangladesh , Pakistan,Pakistan,Shere Bangla National Stadium
11-21-2021, India , New Zealand,India,Eden Gardens
11-20-2021, Bangladesh , Pakistan,Pakistan,Shere Bangla National Stadium
11-20-2021, Tanzania , Uganda,Uganda,Gahanga International Cricket Stadium. Rwanda
11-20-2021, Kenya , Nigeria,Kenya,Integrated Polytechnic Regional Centre
11-20-2021, Kenya , Uganda,Uganda,Gahanga International Cricket Stadium. Rwanda
11-20-2021, Tanzania , Nigeria,Tanzania,Integrated Polytechnic Regional Centre
11-19-2021, Bangladesh , Pakistan,Pakistan,Shere Bangla National Stadium
11-19-2021, New Zealand , India,India,JSCA International Stadium Complex
11-18-2021, Tanzania , Uganda,Uganda,Gahanga International Cricket Stadium. Rwanda
11-18-2021, Nigeria , Kenya,Kenya,Integrated Polytechnic Regional Centre
11-18-2021, Tanzania , Kenya,Kenya,Gahanga International Cricket Stadium. Rwanda
11-18-2021, Nigeria , Uganda,Uganda,Integrated Polytechnic Regional Centre
11-17-2021, New Zealand , India,India,Sawai Mansingh Stadium
11-17-2021, Nigeria , Tanzania,Tanzania,Gahanga International Cricket Stadium. Rwanda
11-17-2021, Kenya , Uganda,Kenya,Integrated Polytechnic Regional Centre
11-17-2021, Uganda , Nigeria,Uganda,Gahanga International Cricket Stadium. Rwanda
11-17-2021, Tanzania , Kenya,Tanzania,Integrated Polytechnic Regional Centre
11-14-2021, New Zealand , Australia,Australia,Dubai International Cricket Stadium
11-14-2021, Canada , Panama,Canada,Coolidge Cricket Ground
11-13-2021, Bahamas , USA,United States of America,Coolidge Cricket Ground
11-13-2021, Belize , Bermuda,Bermuda,Sir Vivian Richards Stadium
11-13-2021, Panama , Bahamas,Panama,Coolidge Cricket Ground
11-13-2021, Argentina , Canada,Canada,Sir Vivian Richards Stadium
11-11-2021, Pakistan , Australia,Australia,Dubai International Cricket Stadium
11-11-2021, Bahamas , Belize,Bahamas,Sir Vivian Richards Stadium
11-11-2021, Argentina , USA,United States of America,Sir Vivian Richards Stadium
11-10-2021, England , New Zealand,New Zealand,Zayed Cricket Stadium
11-10-2021, Canada , USA,tie,Coolidge Cricket Ground
11-10-2021, Argentina , Belize,Argentina,Sir Vivian Richards Stadium
11-10-2021, Bermuda , Bahamas,Bermuda,Coolidge Cricket Ground
11-08-2021, Namibia , India,India,Dubai International Cricket Stadium
11-08-2021, Canada , Belize,Canada,Coolidge Cricket Ground
11-08-2021, Bahamas , Argentina,Bahamas,Sir Vivian Richards Stadium
11-08-2021, Belize , Panama,Belize,Coolidge Cricket Ground
11-08-2021, USA , Bermuda,United States of America,Sir Vivian Richards Stadium
11-07-2021, Afghanistan , New Zealand,New Zealand,Zayed Cricket Stadium
11-07-2021, Pakistan , Scotland,Pakistan,Sharjah Cricket Stadium
11-07-2021, Cameroon , Sierra Leone,Sierra Leone,Gahanga International Cricket Stadium. Rwanda
11-07-2021, Tanzania , Botswana,Tanzania,Gahanga International Cricket Stadium. Rwanda
11-07-2021, Belize , USA,United States of America,Coolidge Cricket Ground
11-06-2021, West Indies , Australia,Australia,Zayed Cricket Stadium
11-06-2021, South Africa , England,South Africa,Sharjah Cricket Stadium
11-06-2021, Botswana , Mozambique,Botswana,Gahanga International Cricket Stadium. Rwanda
11-06-2021, Tanzania , Cameroon,Tanzania,Gahanga International Cricket Stadium. Rwanda
11-05-2021, New Zealand , Namibia,New Zealand,Sharjah Cricket Stadium
11-05-2021, Scotland , India,India,Dubai International Cricket Stadium
11-05-2021, Cameroon , Botswana,Botswana,Gahanga International Cricket Stadium. Rwanda
11-05-2021, Mozambique , Sierra Leone,Sierra Leone,Gahanga International Cricket Stadium. Rwanda
11-04-2021, Bangladesh , Australia,Australia,Dubai International Cricket Stadium
11-04-2021, Sri Lanka , West Indies,Sri Lanka,Zayed Cricket Stadium
11-03-2021, New Zealand , Scotland,New Zealand,Dubai International Cricket Stadium
11-03-2021, India , Afghanistan,India,Zayed Cricket Stadium
11-03-2021, Mozambique , Cameroon,Mozambique,Gahanga International Cricket Stadium. Rwanda
11-03-2021, Sierra Leone , Tanzania,Tanzania,Gahanga International Cricket Stadium. Rwanda
11-02-2021, Bangladesh , South Africa,South Africa,Zayed Cricket Stadium
11-02-2021, Pakistan , Namibia,Pakistan,Zayed Cricket Stadium
11-02-2021, Botswana , Sierra Leone,Botswana,Gahanga International Cricket Stadium. Rwanda
11-02-2021, Tanzania , Mozambique,Tanzania,Gahanga International Cricket Stadium. Rwanda
11-01-2021, England , Sri Lanka,England,Sharjah Cricket Stadium
10-31-2021, Afghanistan , Namibia,Afghanistan,Zayed Cricket Stadium
10-31-2021, India , New Zealand,New Zealand,Dubai International Cricket Stadium
10-30-2021, Sri Lanka , South Africa,South Africa,Sharjah Cricket Stadium
10-30-2021, Australia , England,England,Dubai International Cricket Stadium
10-29-2021, West Indies , Bangladesh,West Indies,Sharjah Cricket Stadium
10-29-2021, Afghanistan , Pakistan,Pakistan,Dubai International Cricket Stadium
10-29-2021, Kuwait , Qatar,Qatar,West End Park International Cricket Stadium
10-28-2021, Sri Lanka , Australia,Australia,Dubai International Cricket Stadium
10-28-2021, Maldives , Kuwait,Kuwait,West End Park International Cricket Stadium
10-28-2021, Bahrain , Saudi Arabia,Bahrain,West End Park International Cricket Stadium
10-27-2021, Bangladesh , England,England,Zayed Cricket Stadium
10-27-2021, Scotland , Namibia,Namibia,Zayed Cricket Stadium
10-27-2021, Maldives , Bahrain,Bahrain,West End Park International Cricket Stadium
10-26-2021, West Indies , South Africa,South Africa,Dubai International Cricket Stadium
10-26-2021, New Zealand , Pakistan,Pakistan,Sharjah Cricket Stadium
10-26-2021, Nigeria , Sierra Leone,Nigeria,University of Lagos Cricket Oval
10-25-2021, Afghanistan , Scotland,Afghanistan,Sharjah Cricket Stadium
10-24-2021, Bangladesh , Sri Lanka,Sri Lanka,Sharjah Cricket Stadium
10-24-2021, India , Pakistan,Pakistan,Dubai International Cricket Stadium
10-24-2021, Gibraltar , Bulgaria,Bulgaria,Marsa Sports Club
10-24-2021, Malta , Switzerland,Malta,Marsa Sports Club
10-24-2021, Nigeria , Sierra Leone,Nigeria,University of Lagos Cricket Oval
10-24-2021, Bahrain , Kuwait,Kuwait,West End Park International Cricket Stadium
10-24-2021, Qatar , Maldives,Qatar,West End Park International Cricket Stadium
10-23-2021, South Africa , Australia,Australia,Zayed Cricket Stadium
10-23-2021, West Indies , England,England,Dubai International Cricket Stadium
10-23-2021, Switzerland , Malta,Switzerland,Marsa Sports Club
10-23-2021, Sierra Leone , Nigeria,Nigeria,University of Lagos Cricket Oval
10-23-2021, Qatar , Bahrain,Bahrain,West End Park International Cricket Stadium
10-23-2021, Maldives , Saudi Arabia,Saudi Arabia,West End Park International Cricket Stadium
10-22-2021, Ireland , Namibia,Namibia,Sharjah Cricket Stadium
10-22-2021, Netherlands , Sri Lanka,Sri Lanka,Sharjah Cricket Stadium
10-22-2021, Gibraltar , Switzerland,Switzerland,Marsa Sports Club
10-22-2021, Bulgaria , Switzerland,Switzerland,Marsa Sports Club
10-22-2021, Swaziland , Rwanda,Rwanda,Gahanga International Cricket Stadium. Rwanda
10-22-2021, Malawi , Lesotho,Malawi,Integrated Polytechnic Regional Centre
10-22-2021, Malawi , Rwanda,Malawi,Gahanga International Cricket Stadium. Rwanda
10-22-2021, Uganda , Seychelles,Uganda,Integrated Polytechnic Regional Centre
10-21-2021, Bangladesh , Papua New Guinea,Bangladesh,Al Amerat Cricket Ground Oman Cricket (Ministry Turf 1)
10-21-2021, Oman , Scotland,Scotland,Al Amerat Cricket Ground Oman Cricket (Ministry Turf 1)
10-21-2021, Malta , Gibraltar,Malta,Marsa Sports Club
10-21-2021, Italy , Germany,Italy,Desert Springs Cricket Ground
10-21-2021, Denmark , Jersey,Jersey,Desert Springs Cricket Ground
10-21-2021, Uganda , Ghana,Uganda,Gahanga International Cricket Stadium. Rwanda
10-21-2021, Nigeria , Sierra Leone,Nigeria,University of Lagos Cricket Oval
10-20-2021, Netherlands , Namibia,Namibia,Zayed Cricket Stadium
10-20-2021, Sri Lanka , Ireland,Sri Lanka,Zayed Cricket Stadium
10-20-2021, Italy , Jersey,Jersey,Desert Springs Cricket Ground
10-20-2021, Germany , Denmark,Germany,Desert Springs Cricket Ground
10-20-2021, Malawi , Seychelles,Malawi,Gahanga International Cricket Stadium. Rwanda
10-20-2021, Swaziland , Ghana,Ghana,Integrated Polytechnic Regional Centre
10-20-2021, Swaziland , Seychelles,Seychelles,Gahanga International Cricket Stadium. Rwanda
10-20-2021, Rwanda , Lesotho,Rwanda,Integrated Polytechnic Regional Centre
10-19-2021, Scotland , Papua New Guinea,Scotland,Al Amerat Cricket Ground Oman Cricket (Ministry Turf 1)
10-19-2021, Bangladesh , Oman,Bangladesh,Al Amerat Cricket Ground Oman Cricket (Ministry Turf 1)
10-19-2021, Italy , Denmark,Italy,Desert Springs Cricket Ground
10-19-2021, Germany , Jersey,Jersey,Desert Springs Cricket Ground
10-19-2021, Malawi , Ghana,Ghana,Gahanga International Cricket Stadium. Rwanda
10-19-2021, Lesotho , Uganda,Uganda,Integrated Polytechnic Regional Centre
10-19-2021, Swaziland , Uganda,Uganda,Integrated Polytechnic Regional Centre
10-19-2021, Nigeria , Sierra Leone,Sierra Leone,University of Lagos Cricket Oval
10-18-2021, Netherlands , Ireland,Ireland,Zayed Cricket Stadium
10-18-2021, Namibia , Sri Lanka,Sri Lanka,Zayed Cricket Stadium
10-17-2021, Papua New Guinea , Oman,Oman,Al Amerat Cricket Ground Oman Cricket (Ministry Turf 1)
10-17-2021, Scotland , Bangladesh,Scotland,Al Amerat Cricket Ground Oman Cricket (Ministry Turf 1)
10-17-2021, Jersey , Denmark,Jersey,Desert Springs Cricket Ground
10-17-2021, Italy , Germany,Germany,Desert Springs Cricket Ground
10-17-2021, Lesotho , Seychelles,Seychelles,Gahanga International Cricket Stadium. Rwanda
10-17-2021, Swaziland , Malawi,Malawi,Integrated Polytechnic Regional Centre
10-17-2021, Ghana , Lesotho,Ghana,Gahanga International Cricket Stadium. Rwanda
10-17-2021, Uganda , Rwanda,Uganda,Integrated Polytechnic Regional Centre
10-16-2021, Denmark , Germany,Germany,Desert Springs Cricket Ground
10-16-2021, Jersey , Italy,Jersey,Desert Springs Cricket Ground
10-16-2021, Rwanda , Ghana,Ghana,Gahanga International Cricket Stadium. Rwanda
10-16-2021, Swaziland , Lesotho,Swaziland,Integrated Polytechnic Regional Centre
10-16-2021, Seychelles , Ghana,Ghana,Gahanga International Cricket Stadium. Rwanda
10-16-2021, Malawi , Uganda,Uganda,Integrated Polytechnic Regional Centre
10-15-2021, Jersey , Germany,Jersey,Desert Springs Cricket Ground
10-15-2021, Denmark , Italy,Italy,Desert Springs Cricket Ground
10-10-2021, Namibia , Papua New Guinea,Namibia,ICC Academy
10-10-2021, Ireland , UAE,United Arab Emirates,ICC Academy
10-09-2021, Scotland , Namibia,Namibia,ICC Academy
10-08-2021, Cyprus , Estonia,Cyprus,Happy Valley Ground
10-08-2021, Estonia , Isle of Man,Isle of Man,Happy Valley Ground
10-08-2021, UAE , Ireland,United Arab Emirates,ICC Academy
10-08-2021, Papua New Guinea , Scotland,Scotland,ICC Academy
10-07-2021, Cyprus , Isle of Man,Isle of Man,Happy Valley Ground
10-07-2021, UAE , Ireland,Ireland,ICC Academy
10-06-2021, Cyprus , Isle of Man,Isle of Man,Happy Valley Ground
10-06-2021, Estonia , Isle of Man,Isle of Man,Happy Valley Ground
10-05-2021, Estonia , Cyprus,Cyprus,Happy Valley Ground
10-05-2021, Estonia , Cyprus,Cyprus,Happy Valley Ground
10-05-2021, Namibia , UAE,Namibia,ICC Academy
9-19-2021, Scotland , Zimbabwe,Zimbabwe,Grange Cricket Club Ground
9-17-2021, Zimbabwe , Scotland,Zimbabwe,Grange Cricket Club Ground
9-17-2021, Uganda , Kenya,Uganda,Entebbe Cricket Oval
9-16-2021, Nigeria , Kenya,Nigeria,Entebbe Cricket Oval
9-15-2021, Scotland , Zimbabwe,Scotland,Grange Cricket Club Ground
9-15-2021, Uganda , Nigeria,Uganda,Entebbe Cricket Oval
9-14-2021, Sri Lanka , South Africa,South Africa,R Premadasa Stadium
9-13-2021, Kenya , Nigeria,Kenya,Entebbe Cricket Oval
9-13-2021, Nigeria , Uganda,Uganda,Entebbe Cricket Oval
09-12-2021, Sri Lanka , South Africa,South Africa,R Premadasa Stadium
09-11-2021, Nigeria , Kenya,Kenya,Entebbe Cricket Oval
09-11-2021, Uganda , Nigeria,Uganda,Entebbe Cricket Oval
09-11-2021, Germany , Spain,Spain,Desert Springs Cricket Ground
09-11-2021, Germany , Spain,Spain,Desert Springs Cricket Ground
09-10-2021, South Africa , Sri Lanka,South Africa,R Premadasa Stadium
09-10-2021, New Zealand , Bangladesh,New Zealand,Shere Bangla National Stadium
09-10-2021, Kenya , Uganda,Kenya,Entebbe Cricket Oval
09-10-2021, Spain , Germany,Germany,Desert Springs Cricket Ground
09-08-2021, New Zealand , Bangladesh,Bangladesh,Shere Bangla National Stadium
09-05-2021, New Zealand , Bangladesh,New Zealand,Shere Bangla National Stadium
09-05-2021, Malta , Hungary,Hungary,Moara Vlasiei Cricket Ground
09-05-2021, Romania , Luxembourg,Romania,Moara Vlasiei Cricket Ground
09-04-2021, Zimbabwe , Ireland,Zimbabwe,Bready Cricket Club
09-04-2021, Luxembourg , Hungary,Luxembourg,Moara Vlasiei Cricket Ground
09-04-2021, Romania , Malta,Romania,Moara Vlasiei Cricket Ground
09-03-2021, Bangladesh , New Zealand,Bangladesh,Shere Bangla National Stadium
09-03-2021, Romania , Czech Republic,Romania,Moara Vlasiei Cricket Ground
09-03-2021, Bulgaria , Malta,Malta,Moara Vlasiei Cricket Ground
09-03-2021, Romania , Hungary,Romania,Moara Vlasiei Cricket Ground
09-02-2021, Ireland , Zimbabwe,Ireland,Bready Cricket Club
09-02-2021, Luxembourg , Bulgaria,Luxembourg,Moara Vlasiei Cricket Ground
09-02-2021, Hungary , Czech Republic,Hungary,Moara Vlasiei Cricket Ground
09-01-2021, New Zealand , Bangladesh,Bangladesh,Shere Bangla National Stadium
09-01-2021, Ireland , Zimbabwe,Ireland,Bready Cricket Club
8-29-2021, Zimbabwe , Ireland,Ireland,Castle Avenue
8-27-2021, Zimbabwe , Ireland,Zimbabwe,Castle Avenue
8-22-2021, Portugal , Gibraltar,Portugal,Gucherre Cricket Ground
8-22-2021, Finland , Sweden,Sweden,Kerava National Cricket Ground
8-22-2021, Finland , Sweden,Sweden,Kerava National Cricket Ground
8-21-2021, Portugal , Gibraltar,Portugal,Gucherre Cricket Ground
8-21-2021, Malta , Gibraltar,Malta,Gucherre Cricket Ground
8-21-2021, Rwanda , Ghana,Ghana,Gahanga International Cricket Stadium. Rwanda
8-21-2021, Sweden , Finland,Finland,Kerava National Cricket Ground
8-21-2021, Sweden , Finland,Finland,Kerava National Cricket Ground
8-20-2021, Gibraltar , Malta,Malta,Gucherre Cricket Ground
8-20-2021, Rwanda , Ghana,Rwanda,Gahanga International Cricket Stadium. Rwanda
8-20-2021, Ghana , Rwanda,Ghana,Gahanga International Cricket Stadium. Rwanda
8-18-2021, Ghana , Rwanda,Rwanda,Gahanga International Cricket Stadium. Rwanda
8-15-2021, Sweden , Denmark,Denmark,Svanholm Park
8-14-2021, Denmark , Sweden,Sweden,Svanholm Park
08-09-2021, Bangladesh , Australia,Bangladesh,Shere Bangla National Stadium
08-08-2021, Norway , Germany,Norway,Bayer Uerdingen Cricket Ground
08-08-2021, Norway , Germany,Germany,Bayer Uerdingen Cricket Ground
08-07-2021, Bangladesh , Australia,Australia,Shere Bangla National Stadium
08-07-2021, Germany , France,Germany,Bayer Uerdingen Cricket Ground
08-07-2021, Norway , France,Norway,Bayer Uerdingen Cricket Ground
08-06-2021, Bangladesh , Australia,Bangladesh,Shere Bangla National Stadium
08-06-2021, France , Germany,Germany,Bayer Uerdingen Cricket Ground
08-05-2021, Norway , Germany,Germany,Bayer Uerdingen Cricket Ground
08-05-2021, Norway , France,France,Bayer Uerdingen Cricket Ground
08-04-2021, Australia , Bangladesh,Bangladesh,Shere Bangla National Stadium
08-03-2021, West Indies , Pakistan,no result,Providence Stadium
08-03-2021, Bangladesh , Australia,Bangladesh,Shere Bangla National Stadium
08-01-2021, West Indies , Pakistan,no result,Providence Stadium
7-31-2021, Pakistan , West Indies,Pakistan,Providence Stadium
7-29-2021, India , Sri Lanka,Sri Lanka,R Premadasa Stadium
7-28-2021, India , Sri Lanka,Sri Lanka,R Premadasa Stadium
7-28-2021, West Indies , Pakistan,no result,Kensington Oval
7-25-2021, India , Sri Lanka,India,R Premadasa Stadium
7-25-2021, Zimbabwe , Bangladesh,Bangladesh,Harare Sports Club
7-24-2021, South Africa , Ireland,South Africa,Civil Service Cricket Club
7-23-2021, Zimbabwe , Bangladesh,Zimbabwe,Harare Sports Club
7-22-2021, South Africa , Ireland,South Africa,Civil Service Cricket Club
7-22-2021, Zimbabwe , Bangladesh,Bangladesh,Harare Sports Club
7-20-2021, Pakistan , England,England,Old Trafford
7-19-2021, South Africa , Ireland,South Africa,The Village
7-18-2021, England , Pakistan,England,Headingley
7-16-2021, Pakistan , England,Pakistan,Trent Bridge
7-16-2021, West Indies , Australia,West Indies,Daren Sammy National Cricket Stadium
7-14-2021, Australia , West Indies,Australia,Daren Sammy National Cricket Stadium
07-12-2021, Australia , West Indies,West Indies,Daren Sammy National Cricket Stadium
07-10-2021, West Indies , Australia,West Indies,Daren Sammy National Cricket Stadium
07-10-2021, Belgium , Malta,Malta,Marsa Sports Club
07-10-2021, Belgium , Malta,Belgium,Marsa Sports Club
07-09-2021, West Indies , Australia,West Indies,Daren Sammy National Cricket Stadium
07-09-2021, Malta , Belgium,Belgium,Marsa Sports Club
07-08-2021, Belgium , Malta,Malta,Marsa Sports Club
07-08-2021, Malta , Belgium,Belgium,Marsa Sports Club
07-03-2021, South Africa , West Indies,South Africa,National Cricket Stadium
07-01-2021, West Indies , South Africa,West Indies,National Cricket Stadium
6-29-2021, South Africa , West Indies,South Africa,National Cricket Stadium
6-27-2021, South Africa , West Indies,South Africa,National Cricket Stadium
6-26-2021, England , Sri Lanka,England,The Rose Bowl
6-26-2021, South Africa , West Indies,West Indies,National Cricket Stadium
6-26-2021, Serbia , Romania,Romania,National Sports Academy
6-26-2021, Bulgaria , Greece,no result,National Sports Academy
6-25-2021, Serbia , Greece,Greece,National Sports Academy
6-25-2021, Bulgaria , Romania,Romania,National Sports Academy
6-25-2021, Romania , Serbia,Romania,National Sports Academy
6-24-2021, Sri Lanka , England,England,Sophia Gardens
6-24-2021, Greece , Romania,Romania,National Sports Academy
6-23-2021, Sri Lanka , England,England,Sophia Gardens
5-23-2021, Austria , Luxembourg,Luxembourg,Scott Page Field
5-23-2021, Czech Republic , Austria,Austria,Scott Page Field
5-22-2021, Austria , Czech Republic,Austria,Scott Page Field
5-22-2021, Czech Republic , Luxembourg,Luxembourg,Scott Page Field
5-21-2021, Luxembourg , Czech Republic,Czech Republic,Scott Page Field
4-25-2021, Pakistan , Zimbabwe,Pakistan,Harare Sports Club
4-24-2021, Nepal , Netherlands,Nepal,Tribhuvan University International Cricket Ground
4-23-2021, Zimbabwe , Pakistan,Zimbabwe,Harare Sports Club
4-22-2021, Nepal , Malaysia,Nepal,Tribhuvan University International Cricket Ground
4-21-2021, Pakistan , Zimbabwe,Pakistan,Harare Sports Club
4-21-2021, Netherlands , Malaysia,tie,Tribhuvan University International Cricket Ground
4-20-2021, Nepal , Netherlands,Netherlands,Tribhuvan University International Cricket Ground
4-19-2021, Malaysia , Nepal,Nepal,Tribhuvan University International Cricket Ground
4-18-2021, Netherlands , Malaysia,Netherlands,Tribhuvan University International Cricket Ground
4-17-2021, Netherlands , Nepal,Nepal,Tribhuvan University International Cricket Ground
4-16-2021, South Africa , Pakistan,Pakistan,SuperSport Park
4-14-2021, South Africa , Pakistan,Pakistan,SuperSport Park
04-12-2021, Pakistan , South Africa,South Africa,The Wanderers Stadium
04-10-2021, South Africa , Pakistan,Pakistan,The Wanderers Stadium
04-05-2021, Namibia , Uganda,Namibia,Wanderers Cricket Ground
04-05-2021, Namibia , Uganda,Namibia,Wanderers Cricket Ground
04-03-2021, Uganda , Namibia,Namibia,Wanderers
04-01-2021, New Zealand , Bangladesh,New Zealand,Eden Park
3-30-2021, New Zealand , Bangladesh,New Zealand,McLean Park
3-28-2021, New Zealand , Bangladesh,New Zealand,Seddon Park
3-20-2021, India , England,India,Narendra Modi Stadium
3-20-2021, Afghanistan , Zimbabwe,Afghanistan,Sheikh Zayed Stadium
3-19-2021, Afghanistan , Zimbabwe,Afghanistan,Sheikh Zayed Stadium
3-18-2021, India , England,India,Narendra Modi Stadium
3-17-2021, Afghanistan , Zimbabwe,Afghanistan,Sheikh Zayed Stadium
3-16-2021, India , England,England,Narendra Modi Stadium
3-14-2021, England , India,India,Narendra Modi Stadium
03-12-2021, India , England,England,Narendra Modi Stadium
03-07-2021, Australia , New Zealand,New Zealand,Sky Stadium
03-07-2021, Sri Lanka , West Indies,West Indies,Coolidge Cricket Ground
03-05-2021, Australia , New Zealand,Australia,Westpac Stadium
03-05-2021, Sri Lanka , West Indies,Sri Lanka,Coolidge Cricket Ground
03-03-2021, Australia , New Zealand,Australia,Westpac Stadium
03-03-2021, Sri Lanka , West Indies,West Indies,Coolidge Cricket Ground
2-25-2021, New Zealand , Australia,New Zealand,University Oval
2-22-2021, New Zealand , Australia,New Zealand,Hagley Oval
2-14-2021, South Africa , Pakistan,Pakistan,Gaddafi Stadium
2-13-2021, Pakistan , South Africa,South Africa,Gaddafi Stadium
02-11-2021, Pakistan , South Africa,Pakistan,Gaddafi Stadium
12-22-2020, New Zealand , Pakistan,Pakistan,McLean Park
12-20-2020, Pakistan , New Zealand,New Zealand,Seddon Park
12-18-2020, Pakistan , New Zealand,New Zealand,Eden Park
12-08-2020, Australia , India,Australia,Sydney Cricket Ground
12-06-2020, Australia , India,India,Sydney Cricket Ground
12-04-2020, India , Australia,India,Manuka Oval
12-01-2020, South Africa , England,England,Newlands
11-30-2020, West Indies , New Zealand,no result,Bay Oval
11-29-2020, New Zealand , West Indies,New Zealand,Bay Oval
11-29-2020, South Africa , England,England,Boland Park
11-27-2020, West Indies , New Zealand,New Zealand,Eden Park
11-27-2020, South Africa , England,England,Newlands
11-10-2020, Zimbabwe , Pakistan,Pakistan,Rawalpindi Cricket Stadium
11-08-2020, Zimbabwe , Pakistan,Pakistan,Rawalpindi Cricket Stadium
11-07-2020, Zimbabwe , Pakistan,Pakistan,Rawalpindi Cricket Stadium
10-18-2020, Bulgaria , Romania,Romania,Moara Vlasiei Cricket Ground
10-17-2020, Romania , Bulgaria,Romania,Moara Vlasiei Cricket Ground
10-16-2020, Bulgaria , Romania,Bulgaria,Moara Vlasiei Cricket Ground
09-08-2020, England , Australia,Australia,The Rose Bowl
09-06-2020, Australia , England,England,The Rose Bowl
09-04-2020, England , Australia,England,The Rose Bowl
09-01-2020, Pakistan , England,Pakistan,Old Trafford
8-30-2020, Pakistan , England,England,Old Trafford
8-30-2020, Belgium , Czech Republic,Belgium,Pierre Werner Cricket Ground
8-30-2020, Belgium , Luxembourg,Belgium,Pierre Werner Cricket Ground
8-29-2020, Belgium , Luxembourg,Belgium,Pierre Werner Cricket Ground
8-28-2020, England , Pakistan,no result,Old Trafford
8-21-2020, Isle of Man , Guernsey,Guernsey,College Field
03-11-2020, Bangladesh , Zimbabwe,Bangladesh,Shere Bangla National Stadium
03-10-2020, Afghanistan , Ireland,tie,Greater Noida Sports Complex Ground
03-09-2020, Bangladesh , Zimbabwe,Bangladesh,Shere Bangla National Stadium
03-08-2020, Spain , Germany,Spain,Desert Springs Cricket Ground
03-08-2020, Spain , Germany,Germany,Desert Springs Cricket Ground
03-08-2020, Afghanistan , Ireland,Afghanistan,Greater Noida Sports Complex Ground
03-06-2020, Sri Lanka , West Indies,West Indies,Pallekele International Cricket Stadium
03-06-2020, Afghanistan , Ireland,Afghanistan,Greater Noida Sports Complex Ground
03-06-2020, Hong Kong , Malaysia,Hong Kong,Terdthai Cricket Ground
03-04-2020, Sri Lanka , West Indies,West Indies,Pallekele International Cricket Stadium
03-04-2020, Thailand , Nepal,Nepal,Terdthai Cricket Ground
03-04-2020, Hong Kong , Singapore,Singapore,Terdthai Cricket Ground
03-03-2020, Malaysia , Singapore,Singapore,Terdthai Cricket Ground
03-03-2020, Thailand , Hong Kong,Hong Kong,Terdthai Cricket Ground
03-01-2020, Hong Kong , Nepal,Hong Kong,Terdthai Cricket Ground
03-01-2020, Thailand , Malaysia,Malaysia,Terdthai Cricket Ground
2-29-2020, Thailand , Singapore,Singapore,Terdthai Cricket Ground
2-27-2020, Kuwait , UAE,United Arab Emirates,Al Amerat Cricket Ground Oman Cricket (Ministry Turf 1)
2-26-2020, South Africa , Australia,Australia,Newlands
2-26-2020, Malaysia , Hong Kong,Malaysia,Kinrara Academy Oval
2-26-2020, Kuwait , Bahrain,Kuwait,Al Amerat Cricket Ground Oman Cricket (Ministry Turf 1)
2-26-2020, Qatar , UAE,United Arab Emirates,Al Amerat Cricket Ground Oman Cricket (Ministry Turf 2)
2-25-2020, Oman , Maldives,Oman,Al Amerat Cricket Ground Oman Cricket (Ministry Turf 1)
2-25-2020, Saudi Arabia , UAE,United Arab Emirates,Al Amerat Cricket Ground Oman Cricket (Ministry Turf 2)
2-25-2020, Bahrain , Qatar,Bahrain,Al Amerat Cricket Ground Oman Cricket (Ministry Turf 1)
2-25-2020, Iran , Kuwait,Kuwait,Al Amerat Cricket Ground Oman Cricket (Ministry Turf 2)
2-24-2020, Malaysia , Hong Kong,Malaysia,Kinrara Academy Oval
2-23-2020, South Africa , Australia,South Africa,St George's Park
2-23-2020, Malaysia , Hong Kong,Malaysia,Kinrara Academy Oval
2-21-2020, South Africa , Australia,Australia,The Wanderers Stadium
2-21-2020, Malaysia , Hong Kong,Malaysia,Kinrara Academy Oval
2-20-2020, Malaysia , Hong Kong,Malaysia,Kinrara Academy Oval
2-16-2020, South Africa , England,England,SuperSport Park
2-14-2020, South Africa , England,England,Kingsmead
02-12-2020, South Africa , England,South Africa,Buffalo Park
02-02-2020, New Zealand , India,India,Bay Oval
1-31-2020, New Zealand , India,tie,Westpac Stadium
1-29-2020, New Zealand , India,tie,Seddon Park
1-26-2020, New Zealand , India,India,Eden Park
1-25-2020, Pakistan , Bangladesh,Pakistan,Gaddafi Stadium
1-24-2020, New Zealand , India,India,Eden Park
1-24-2020, Pakistan , Bangladesh,Pakistan,Gaddafi Stadium
1-19-2020, West Indies , Ireland,West Indies,Warner Park
1-18-2020, West Indies , Ireland,no result,Warner Park
1-15-2020, West Indies , Ireland,Ireland,National Cricket Stadium
01-10-2020, India , Sri Lanka,India,Maharashtra Cricket Association Stadium
01-07-2020, India , Sri Lanka,India,Holkar Cricket Stadium
12-11-2019, India , West Indies,India,Wankhede Stadium
12-09-2019, Nepal , Maldives,Nepal,Tribhuvan University International Cricket Ground
12-08-2019, India , West Indies,West Indies,Greenfield International Stadium
12-07-2019, Bhutan , Maldives,Maldives,Tribhuvan University International Cricket Ground
12-06-2019, India , West Indies,India,Rajiv Gandhi International Stadium
12-06-2019, Nepal , Maldives,Nepal,Tribhuvan University International Cricket Ground
12-05-2019, Nepal , Bhutan,Nepal,Tribhuvan University International Cricket Ground
11-17-2019, Afghanistan , West Indies,Afghanistan,Bharat Ratna Shri Atal Bihari Vajpayee Ekana Cricket Stadium
11-16-2019, Afghanistan , West Indies,Afghanistan,Bharat Ratna Shri Atal Bihari Vajpayee Ekana Cricket Stadium
11-14-2019, Afghanistan , West Indies,West Indies,Bharat Ratna Shri Atal Bihari Vajpayee Ekana Cricket Stadium
11-10-2019, India , Bangladesh,India,Vidarbha Cricket Association Stadium
11-10-2019, New Zealand , England,tie,Eden Park
11-08-2019, Australia , Pakistan,Australia,Perth Stadium
11-08-2019, New Zealand , England,England,McLean Park
11-07-2019, India , Bangladesh,India,Saurashtra Cricket Association Stadium
11-05-2019, Australia , Pakistan,Australia,Manuka Oval
11-05-2019, New Zealand , England,New Zealand,Saxton Oval
11-03-2019, Australia , Pakistan,no result,Sydney Cricket Ground
11-03-2019, India , Bangladesh,Bangladesh,Arun Jaitley Stadium
11-03-2019, New Zealand , England,New Zealand,Westpac Stadium
11-02-2019, Ireland , Namibia,Ireland,Dubai International Cricket Stadium
11-02-2019, Netherlands , Papua New Guinea,Netherlands,Dubai International Cricket Stadium
11-01-2019, Australia , Sri Lanka,Australia,Melbourne Cricket Ground
11-01-2019, New Zealand , England,England,Hagley Oval
11-01-2019, Ireland , Netherlands,Netherlands,Dubai International Cricket Stadium
11-01-2019, Namibia , Papua New Guinea,Papua New Guinea,Dubai International Cricket Stadium
10-31-2019, Oman , Scotland,Scotland,ICC Academy
10-30-2019, Australia , Sri Lanka,Australia,Brisbane Cricket Ground
10-30-2019, UAE , Scotland,Scotland,Dubai International Cricket Stadium
10-30-2019, Hong Kong , Oman,Oman,Dubai International Cricket Stadium
10-29-2019, UAE , Netherlands,Netherlands,Dubai International Cricket Stadium
10-29-2019, Namibia , Oman,Namibia,Dubai International Cricket Stadium
10-27-2019, Australia , Sri Lanka,Australia,Adelaide Oval
10-27-2019, Kenya , Papua New Guinea,Papua New Guinea,Dubai International Cricket Stadium
10-27-2019, Hong Kong , Nigeria,Hong Kong,Tolerance Oval
10-27-2019, Jersey , Oman,Jersey,Sheikh Zayed Stadium
10-27-2019, Netherlands , Scotland,Netherlands,Dubai International Cricket Stadium
10-27-2019, UAE , Canada,United Arab Emirates,Sheikh Zayed Stadium
10-27-2019, Spain , Gibraltar,Spain,La Manga Club Bottom Ground
10-26-2019, Ireland , Nigeria,Ireland,Sheikh Zayed Stadium
10-26-2019, Bermuda , Netherlands,Netherlands,Dubai International Cricket Stadium
10-26-2019, Namibia , Singapore,Namibia,Dubai International Cricket Stadium
10-26-2019, Gibraltar , Portugal,Portugal,La Manga Club Bottom Ground
10-26-2019, Spain , Gibraltar,Spain,La Manga Club Bottom Ground
10-26-2019, Spain , Portugal,Spain,La Manga Club Bottom Ground
10-25-2019, Papua New Guinea , Singapore,Papua New Guinea,Dubai International Cricket Stadium
10-25-2019, Ireland , Jersey,Ireland,Tolerance Oval
10-25-2019, Kenya , Namibia,Namibia,Dubai International Cricket Stadium
10-25-2019, Canada , Oman,Oman,Sheikh Zayed Stadium
10-25-2019, Spain , Portugal,Spain,La Manga Club Bottom Ground
10-24-2019, Netherlands , Papua New Guinea,Papua New Guinea,ICC Academy
10-24-2019, UAE , Nigeria,United Arab Emirates,Tolerance Oval
10-24-2019, Canada , Hong Kong,Hong Kong,Tolerance Oval
10-24-2019, Bermuda , Scotland,Scotland,Dubai International Cricket Stadium
10-23-2019, Bermuda , Namibia,Namibia,ICC Academy Ground No 2
10-23-2019, Nigeria , Oman,Oman,Tolerance Oval
10-23-2019, Kenya , Singapore,Kenya,ICC Academy Ground No 2
10-23-2019, Canada , Ireland,Canada,Sheikh Zayed Stadium
10-23-2019, Hong Kong , Jersey,Hong Kong,Sheikh Zayed Stadium
10-22-2019, Namibia , Scotland,Namibia,ICC Academy
10-22-2019, Netherlands , Singapore,Netherlands,ICC Academy
10-22-2019, UAE , Jersey,Jersey,Tolerance Oval
10-21-2019, Papua New Guinea , Scotland,Scotland,ICC Academy
10-21-2019, UAE , Hong Kong,United Arab Emirates,Sheikh Zayed Stadium
10-21-2019, Ireland , Oman,Ireland,Tolerance Oval
10-21-2019, Bermuda , Kenya,Kenya,ICC Academy
10-21-2019, Canada , Nigeria,Canada,Sheikh Zayed Stadium
10-20-2019, Namibia , Papua New Guinea,Papua New Guinea,ICC Academy Ground No 2
10-20-2019, Canada , Jersey,Canada,Tolerance Oval
10-20-2019, Bermuda , Singapore,Singapore,ICC Academy Ground No 2
10-20-2019, Hong Kong , Oman,Oman,Sheikh Zayed Stadium
10-19-2019, Bermuda , Papua New Guinea,Papua New Guinea,ICC Academy
10-19-2019, Jersey , Nigeria,Jersey,Sheikh Zayed Stadium
10-19-2019, Namibia , Netherlands,Netherlands,ICC Academy
10-19-2019, Kenya , Scotland,Scotland,ICC Academy Ground No 2
10-19-2019, UAE , Ireland,United Arab Emirates,Sheikh Zayed Stadium
10-18-2019, Scotland , Singapore,Singapore,ICC Academy
10-18-2019, Hong Kong , Ireland,Ireland,Sheikh Zayed Stadium
10-18-2019, Kenya , Netherlands,Netherlands,ICC Academy
10-18-2019, UAE , Oman,Oman,Sheikh Zayed Stadium
10-10-2019, Hong Kong , Netherlands,Netherlands,Al Amerat Cricket Ground Oman Cricket (Ministry Turf 1)
10-10-2019, Oman , Nepal,Oman,Al Amerat Cricket Ground Oman Cricket (Ministry Turf 1)
10-09-2019, Ireland , Nepal,Ireland,Al Amerat Cricket Ground Oman Cricket (Ministry Turf 1)
10-09-2019, Oman , Netherlands,Oman,Al Amerat Cricket Ground Oman Cricket (Ministry Turf 1)
10-09-2019, Pakistan , Sri Lanka,Sri Lanka,Gaddafi Stadium
10-07-2019, Nepal , Netherlands,Nepal,Al Amerat Cricket Ground Oman Cricket (Ministry Turf 1)
10-07-2019, Hong Kong , Ireland,Ireland,Al Amerat Cricket Ground Oman Cricket (Ministry Turf 1)
10-07-2019, Pakistan , Sri Lanka,Sri Lanka,Gaddafi Stadium
10-06-2019, Oman , Ireland,Oman,Al Amerat Cricket Ground Oman Cricket (Ministry Turf 1)
10-06-2019, Hong Kong , Nepal,Nepal,Al Amerat Cricket Ground Oman Cricket (Ministry Turf 1)
10-05-2019, Ireland , Netherlands,Ireland,Al Amerat Cricket Ground Oman Cricket (Ministry Turf 1)
10-05-2019, Pakistan , Sri Lanka,Sri Lanka,Gaddafi Stadium
10-04-2019, Malaysia , Vanuatu,Malaysia,Kinrara Academy Oval
10-03-2019, Singapore , Zimbabwe,Zimbabwe,Indian Association Ground
10-03-2019, Malaysia , Vanuatu,Vanuatu,Kinrara Academy Oval
10-02-2019, Malaysia , Vanuatu,Malaysia,Kinrara Academy Oval
10-01-2019, Nepal , Zimbabwe,Zimbabwe,Indian Association Ground
10-01-2019, Malaysia , Vanuatu,Vanuatu,Kinrara Academy Oval
9-29-2019, Singapore , Zimbabwe,Singapore,Indian Association Ground
9-29-2019, Malaysia , Vanuatu,Vanuatu,Kinrara Academy Oval
9-28-2019, Singapore , Nepal,Nepal,Indian Association Ground
9-27-2019, Nepal , Zimbabwe,Zimbabwe,Indian Association Ground
9-22-2019, India , South Africa,South Africa,M.Chinnaswamy Stadium
9-21-2019, Bangladesh , Afghanistan,Bangladesh,Zahur Ahmed Chowdhury Stadium
9-20-2019, Afghanistan , Zimbabwe,Zimbabwe,Zahur Ahmed Chowdhury Stadium
9-19-2019, Netherlands , Scotland,Scotland,The Village
9-18-2019, India , South Africa,India,Punjab Cricket Association IS Bindra Stadium
9-18-2019, Bangladesh , Zimbabwe,Bangladesh,Zahur Ahmed Chowdhury Stadium
9-18-2019, Ireland , Netherlands,Netherlands,The Village
9-17-2019, Ireland , Scotland,Ireland,The Village
9-16-2019, Netherlands , Scotland,Scotland,The Village
9-15-2019, Bangladesh , Afghanistan,Afghanistan,Shere Bangla National Stadium
9-14-2019, Afghanistan , Zimbabwe,Afghanistan,Shere Bangla National Stadium
9-13-2019, Bangladesh , Zimbabwe,Bangladesh,Shere Bangla National Stadium
09-06-2019, Sri Lanka , New Zealand,Sri Lanka,Pallekele International Cricket Stadium
09-03-2019, Sri Lanka , New Zealand,New Zealand,Pallekele International Cricket Stadium
09-01-2019, Sri Lanka , New Zealand,New Zealand,Pallekele International Cricket Stadium
8-25-2019, Canada , USA,Canada,White Hill Field
8-25-2019, Bermuda , Cayman Islands,Bermuda,White Hill Field
8-24-2019, Cayman Islands , USA,United States of America,White Hill Field
8-23-2019, Namibia , Botswana,Namibia,United Cricket Club Ground
8-22-2019, Canada , Cayman Islands,Canada,White Hill Field
8-22-2019, USA , Bermuda,Bermuda,Bermuda National Stadium
8-22-2019, Namibia , Botswana,Namibia,United Cricket Club Ground
8-21-2019, Bermuda , Cayman Islands,Bermuda,White Hill Field
8-21-2019, Canada , USA,Canada,White Hill Field
8-20-2019, Namibia , Botswana,Namibia,United Cricket Club Ground
8-19-2019, Bermuda , Canada,no result,National Stadium
8-19-2019, Cayman Islands , USA,United States of America,National Stadium
8-19-2019, Namibia , Botswana,Namibia,United Cricket Club Ground
8-18-2019, Bermuda , USA,Bermuda,White Hill Field
8-18-2019, Canada , Cayman Islands,Canada,White Hill Field
08-08-2019, Netherlands , UAE,United Arab Emirates,Sportpark Westvliet
08-06-2019, West Indies , India,India,Providence Stadium
08-05-2019, Netherlands , UAE,United Arab Emirates,VRA Ground
08-04-2019, India , West Indies,India,Central Broward Regional Park Stadium Turf Ground
08-03-2019, India , West Indies,India,Central Broward Regional Park Stadium Turf Ground
7-28-2019, Singapore , Nepal,Singapore,Indian Association Ground
7-27-2019, Kuwait , Nepal,Nepal,Indian Association Ground
7-27-2019, Malaysia , Qatar,Qatar,Indian Association Ground
7-26-2019, Kuwait , Qatar,Kuwait,Indian Association Ground
7-26-2019, Singapore , Malaysia,Singapore,Indian Association Ground
7-24-2019, Malaysia , Nepal,Nepal,Indian Association Ground
7-23-2019, Nepal , Qatar,Qatar,Indian Association Ground
7-22-2019, Singapore , Qatar,Singapore,Indian Association Ground
7-22-2019, Kuwait , Malaysia,Malaysia,Indian Association Ground
7-14-2019, Ireland , Zimbabwe,Zimbabwe,Bready
7-14-2019, Malaysia , Nepal,Nepal,Kinrara Academy Oval
7-13-2019, Malaysia , Nepal,Nepal,Kinrara Academy Oval
07-12-2019, Ireland , Zimbabwe,Ireland,Bready Cricket Club
6-29-2019, Maldives , Thailand,Thailand,Kinrara Academy Oval
6-28-2019, Malaysia , Maldives,no result,Kinrara Academy Oval
6-27-2019, Malaysia , Thailand,Malaysia,Kinrara Academy Oval
6-26-2019, Maldives , Thailand,Maldives,Kinrara Academy Oval
6-25-2019, Netherlands , Zimbabwe,tie,Hazelaarweg
6-24-2019, Malaysia , Thailand,Malaysia,Kinrara Academy Oval
6-23-2019, Netherlands , Zimbabwe,Netherlands,Hazelaarweg
6-20-2019, Germany , Norway,Germany,College Field
6-20-2019, Germany , Jersey,Germany,College Field
6-20-2019, Guernsey , Denmark,Guernsey,King George V Sports Ground
6-20-2019, Denmark , Italy,Denmark,King George V Sports Ground
6-19-2019, Guernsey , Norway,Guernsey,King George V Sports Ground
6-19-2019, Italy , Jersey,Jersey,College Field
6-19-2019, Denmark , Germany,Germany,King George V Sports Ground
6-18-2019, Guernsey , Denmark,no result,King George V Sports Ground
6-17-2019, Denmark , Norway,Denmark,King George V Sports Ground
6-16-2019, Denmark , Jersey,Jersey,King George V Sports Ground
6-16-2019, Guernsey , Italy,Italy,College Field
6-16-2019, Jersey , Norway,Jersey,King George V Sports Ground
6-15-2019, Guernsey , Germany,Germany,King George V Sports Ground
5-25-2019, Germany , Italy,Italy,Sportpark Maarschalkerweerd
5-23-2019, Uganda , Ghana,Uganda,Kyambogo Cricket Oval
5-22-2019, Ghana , Nigeria,Nigeria,Kyambogo Cricket Oval
5-22-2019, Botswana , Namibia,Namibia,Kyambogo Cricket Oval
5-22-2019, Uganda , Kenya,Kenya,Lugogo Cricket Oval
5-21-2019, Ghana , Kenya,Kenya,Kyambogo Cricket Oval
5-21-2019, Uganda , Namibia,Namibia,Kyambogo Cricket Oval
5-21-2019, Botswana , Nigeria,Nigeria,Lugogo Cricket Oval
5-20-2019, Ghana , Namibia,Namibia,Kyambogo Cricket Oval
5-20-2019, Uganda , Botswana,Uganda,Lugogo Cricket Oval
05-05-2019, England , Pakistan,England,Sophia Gardens
3-24-2019, South Africa , Sri Lanka,South Africa,The Wanderers Stadium
3-24-2019, Philippines , Vanuatu,Philippines,Amini Park
3-24-2019, Papua New Guinea , Vanuatu,Papua New Guinea,Amini Park
3-23-2019, Philippines , Vanuatu,Vanuatu,Amini Park
3-23-2019, Papua New Guinea , Philippines,no result,Amini Park
3-22-2019, South Africa , Sri Lanka,South Africa,SuperSport Park
3-22-2019, Papua New Guinea , Philippines,Papua New Guinea,Amini Park
3-22-2019, Papua New Guinea , Vanuatu,Papua New Guinea,Amini Park
3-19-2019, South Africa , Sri Lanka,tie,Newlands
3-16-2019, UAE , USA,United Arab Emirates,ICC Academy
3-15-2019, UAE , USA,no result,ICC Academy
03-10-2019, West Indies , England,England,Warner Park
03-08-2019, West Indies , England,England,Warner Park
03-05-2019, West Indies , England,England,Darren Sammy National Cricket Stadium
2-27-2019, India , Australia,Australia,M.Chinnaswamy Stadium
2-24-2019, Afghanistan , Ireland,Afghanistan,Rajiv Gandhi International Cricket Stadium
2-24-2019, India , Australia,Australia,Dr. Y.S. Rajasekhara Reddy ACA-VDCA Cricket Stadium
2-23-2019, Afghanistan , Ireland,Afghanistan,Rajiv Gandhi International Cricket Stadium
2-21-2019, Afghanistan , Ireland,Afghanistan,Rajiv Gandhi International Cricket Stadium
2-17-2019, Ireland , Netherlands,Ireland,Al Amerat Cricket Ground Oman Cricket (Ministry Turf 1)
2-17-2019, Oman , Scotland,Scotland,Al Amerat Cricket Ground Oman Cricket (Ministry Turf 1)
2-15-2019, Oman , Netherlands,Netherlands,Al Amerat Cricket Ground Oman Cricket (Ministry Turf 1)
2-15-2019, Ireland , Scotland,Scotland,Al Amerat Cricket Ground Oman Cricket (Ministry Turf 1)
2-13-2019, Netherlands , Scotland,Netherlands,Al Amerat Cricket Ground Oman Cricket (Ministry Turf 1)
2-13-2019, Oman , Ireland,Ireland,Al Amerat Cricket Ground Oman Cricket (Ministry Turf 1)
02-10-2019, New Zealand , India,New Zealand,Seddon Park
02-08-2019, New Zealand , India,India,Eden Park
02-06-2019, South Africa , Pakistan,Pakistan,SuperSport Park
02-06-2019, New Zealand , India,New Zealand,Westpac Stadium
02-03-2019, South Africa , Pakistan,South Africa,The Wanderers Stadium
02-03-2019, UAE , Nepal,Nepal,ICC Academy
02-01-2019, South Africa , Pakistan,South Africa,Newlands
02-01-2019, UAE , Nepal,Nepal,ICC Academy
1-31-2019, UAE , Nepal,United Arab Emirates,ICC Academy
01-11-2019, New Zealand , Sri Lanka,New Zealand,Eden Park
12-22-2018, Bangladesh , West Indies,West Indies,Shere Bangla National Stadium
12-20-2018, Bangladesh , West Indies,Bangladesh,Shere Bangla National Stadium
12-17-2018, Bangladesh , West Indies,West Indies,Sylhet International Cricket Stadium
11-25-2018, Australia , India,India,Sydney Cricket Ground
11-23-2018, Australia , India,no result,Melbourne Cricket Ground
11-21-2018, Australia , India,Australia,Brisbane Cricket Ground
11-17-2018, South Africa , Australia,South Africa,Carrara Oval
11-11-2018, West Indies , India,India,MA Chidambaram Stadium
11-06-2018, India , West Indies,India,Bharat Ratna Shri Atal Bihari Vajpayee Ekana Cricket Stadium
11-04-2018, Pakistan , New Zealand,Pakistan,Dubai International Cricket Stadium
11-04-2018, West Indies , India,India,Eden Gardens
11-02-2018, New Zealand , Pakistan,Pakistan,Dubai International Cricket Stadium
10-31-2018, Pakistan , New Zealand,Pakistan,Sheikh Zayed Stadium
10-28-2018, Pakistan , Australia,Pakistan,Dubai International Cricket Stadium
10-27-2018, England , Sri Lanka,England,R.Premadasa Stadium
10-26-2018, Pakistan , Australia,Pakistan,Dubai International Cricket Stadium
10-24-2018, Pakistan , Australia,Pakistan,Sheikh Zayed Stadium
10-22-2018, UAE , Australia,Australia,Tolerance Oval
10-12-2018, Zimbabwe , South Africa,South Africa,Senwes Park
10-09-2018, South Africa , Zimbabwe,South Africa,Buffalo Park
8-22-2018, Afghanistan , Ireland,Afghanistan,Bready Cricket Club
8-20-2018, Afghanistan , Ireland,Afghanistan,Bready Cricket Club
8-14-2018, South Africa , Sri Lanka,Sri Lanka,R.Premadasa Stadium
08-05-2018, Bangladesh , West Indies,Bangladesh,Central Broward Regional Park Stadium Turf Ground
08-04-2018, Bangladesh , West Indies,Bangladesh,Central Broward Regional Park Stadium Turf Ground
7-31-2018, Bangladesh , West Indies,West Indies,Warner Park
7-29-2018, Netherlands , Nepal,no result,Lord's
07-08-2018, England , India,India,County Ground
07-08-2018, Australia , Pakistan,Pakistan,Harare Sports Club
07-06-2018, India , England,England,Sophia Gardens
07-06-2018, Zimbabwe , Australia,Australia,Harare Sports Club
07-05-2018, Pakistan , Australia,Pakistan,Harare Sports Club
07-04-2018, Zimbabwe , Pakistan,Pakistan,Harare Sports Club
07-03-2018, England , India,India,Old Trafford
07-03-2018, Australia , Zimbabwe,Australia,Harare Sports Club
07-02-2018, Pakistan , Australia,Australia,Harare Sports Club
07-01-2018, Pakistan , Zimbabwe,Pakistan,Harare Sports Club
6-29-2018, India , Ireland,India,The Village
6-27-2018, England , Australia,England,Edgbaston
6-27-2018, India , Ireland,India,The Village
6-20-2018, Scotland , Netherlands,Scotland,VRA Ground
6-19-2018, Netherlands , Scotland,Scotland,VRA Ground
6-17-2018, Scotland , Ireland,tie,Sportpark Het Schootsveld
6-16-2018, Ireland , Scotland,Ireland,Sportpark Het Schootsveld
6-13-2018, Pakistan , Scotland,Pakistan,Grange Cricket Club
6-13-2018, Ireland , Netherlands,Netherlands,Hazelaarweg
06-12-2018, Pakistan , Scotland,Pakistan,Grange Cricket Club
06-12-2018, Netherlands , Ireland,Netherlands,Hazelaarweg
06-07-2018, Afghanistan , Bangladesh,Afghanistan,Rajiv Gandhi International Cricket Stadium
06-05-2018, Bangladesh , Afghanistan,Afghanistan,Rajiv Gandhi International Cricket Stadium
06-03-2018, Afghanistan , Bangladesh,Afghanistan,Rajiv Gandhi International Cricket Stadium
5-31-2018, West Indies , ICC World XI,West Indies,Lord's
04-03-2018, West Indies , Pakistan,Pakistan,National Stadium
04-02-2018, Pakistan , West Indies,Pakistan,National Stadium
04-01-2018, Pakistan , West Indies,Pakistan,National Stadium
3-18-2018, Bangladesh , India,India,R.Premadasa Stadium
3-16-2018, Sri Lanka , Bangladesh,Bangladesh,R.Premadasa Stadium
3-14-2018, India , Bangladesh,India,R.Premadasa Stadium
03-12-2018, Sri Lanka , India,India,R.Premadasa Stadium
03-10-2018, Sri Lanka , Bangladesh,Bangladesh,R.Premadasa Stadium
03-08-2018, Bangladesh , India,India,R.Premadasa Stadium
03-06-2018, India , Sri Lanka,Sri Lanka,R.Premadasa Stadium
2-24-2018, India , South Africa,India,Newlands
2-21-2018, New Zealand , Australia,Australia,Eden Park
2-21-2018, India , South Africa,South Africa,SuperSport Park
2-18-2018, England , New Zealand,England,Seddon Park
2-18-2018, India , South Africa,India,The Wanderers Stadium
2-18-2018, Sri Lanka , Bangladesh,Sri Lanka,Sylhet International Cricket Stadium
2-16-2018, New Zealand , Australia,Australia,Eden Park
2-15-2018, Bangladesh , Sri Lanka,Sri Lanka,Shere Bangla National Stadium
2-13-2018, New Zealand , England,New Zealand,Westpac Stadium
02-10-2018, England , Australia,Australia,Melbourne Cricket Ground
02-07-2018, England , Australia,Australia,Bellerive Oval
02-06-2018, Afghanistan , Zimbabwe,Afghanistan,Sharjah Cricket Stadium
02-05-2018, Zimbabwe , Afghanistan,Afghanistan,Sharjah Cricket Stadium
02-03-2018, New Zealand , Australia,Australia,Sydney Cricket Ground
1-28-2018, Pakistan , New Zealand,Pakistan,Bay Oval
1-25-2018, Pakistan , New Zealand,Pakistan,Eden Park
1-22-2018, Pakistan , New Zealand,New Zealand,Westpac Stadium
01-03-2018, New Zealand , West Indies,New Zealand,Bay Oval
01-01-2018, New Zealand , West Indies,no result,Bay Oval
12-29-2017, New Zealand , West Indies,New Zealand,Saxton Oval
12-24-2017, Sri Lanka , India,India,Wankhede Stadium
12-22-2017, India , Sri Lanka,India,Holkar Cricket Stadium
12-20-2017, India , Sri Lanka,India,Barabati Stadium
11-07-2017, India , New Zealand,India,Greenfield International Stadium
11-04-2017, New Zealand , India,New Zealand,Saurashtra Cricket Association Stadium
11-01-2017, India , New Zealand,India,Arun Jaitley Stadium
10-29-2017, South Africa , Bangladesh,South Africa,Senwes Park
10-29-2017, Pakistan , Sri Lanka,Pakistan,Gaddafi Stadium
10-27-2017, Sri Lanka , Pakistan,Pakistan,Sheikh Zayed Stadium
10-26-2017, South Africa , Bangladesh,South Africa,Mangaung Oval
10-26-2017, Sri Lanka , Pakistan,Pakistan,Sheikh Zayed Stadium
10-10-2017, India , Australia,Australia,Barsapara Cricket Stadium
10-07-2017, Australia , India,India,JSCA International Stadium Complex
9-16-2017, West Indies , England,West Indies,Riverside Ground
9-15-2017, Pakistan , ICC World XI,Pakistan,Gaddafi Stadium
9-13-2017, Pakistan , ICC World XI,ICC World XI,Gaddafi Stadium
09-12-2017, Pakistan , ICC World XI,Pakistan,Gaddafi Stadium
09-06-2017, Sri Lanka , India,India,R.Premadasa Stadium
07-09-2017, West Indies , India,West Indies,Sabina Park
6-25-2017, England , South Africa,England,Sophia Gardens
6-23-2017, England , South Africa,South Africa,County Ground
6-21-2017, England , South Africa,England,The Rose Bowl
06-05-2017, West Indies , Afghanistan,West Indies,Warner Park
06-03-2017, West Indies , Afghanistan,West Indies,Warner Park
06-02-2017, West Indies , Afghanistan,West Indies,Warner Park
4-14-2017, UAE , Papua New Guinea,United Arab Emirates,Sheikh Zayed Stadium
4-14-2017, UAE , Papua New Guinea,United Arab Emirates,Sheikh Zayed Stadium
04-12-2017, UAE , Papua New Guinea,United Arab Emirates,Sheikh Zayed Stadium
04-06-2017, Sri Lanka , Bangladesh,Bangladesh,R Premadasa Stadium
04-04-2017, Sri Lanka , Bangladesh,Sri Lanka,R Premadasa Stadium
04-02-2017, West Indies , Pakistan,Pakistan,Queen's Park Oval
04-01-2017, West Indies , Pakistan,West Indies,Queen's Park Oval
3-30-2017, West Indies , Pakistan,Pakistan,Queen's Park Oval
3-26-2017, West Indies , Pakistan,Pakistan,Kensington Oval
03-12-2017, Afghanistan , Ireland,Afghanistan,Greater Noida Sports Complex Ground
03-10-2017, Afghanistan , Ireland,Afghanistan,Greater Noida Sports Complex Ground
03-08-2017, Afghanistan , Ireland,Afghanistan,Greater Noida Sports Complex Ground
2-22-2017, Australia , Sri Lanka,Australia,Adelaide Oval
2-19-2017, Australia , Sri Lanka,Sri Lanka,Simonds Stadium
2-17-2017, Australia , Sri Lanka,Sri Lanka,Melbourne Cricket Ground
2-17-2017, New Zealand , South Africa,South Africa,Eden Park
02-01-2017, India , England,India,M Chinnaswamy Stadium
1-29-2017, India , England,India,Vidarbha Cricket Association Stadium
1-26-2017, India , England,England,Green Park
1-25-2017, South Africa , Sri Lanka,Sri Lanka,Newlands
1-22-2017, South Africa , Sri Lanka,Sri Lanka,New Wanderers Stadium
1-20-2017, Afghanistan , Oman,Afghanistan,Dubai International Cricket Stadium
1-20-2017, Ireland , Scotland,Ireland,Dubai International Cricket Stadium
1-20-2017, Afghanistan , Ireland,Afghanistan,Dubai International Cricket Stadium
1-20-2017, South Africa , Sri Lanka,South Africa,SuperSport Park
1-19-2017, Oman , Scotland,Scotland,Dubai International Cricket Stadium
1-18-2017, UAE , Ireland,Ireland,Dubai International Cricket Stadium
1-18-2017, Hong Kong , Netherlands,Hong Kong,Dubai International Cricket Stadium
1-17-2017, Netherlands , Scotland,Scotland,Sheikh Zayed Stadium
1-16-2017, Hong Kong , Oman,Oman,Sheikh Zayed Stadium
1-16-2017, UAE , Afghanistan,Afghanistan,Sheikh Zayed Stadium
1-15-2017, Netherlands , Oman,Netherlands,Sheikh Zayed Stadium
1-14-2017, Hong Kong , Scotland,Scotland,Sheikh Zayed Stadium
1-14-2017, Afghanistan , Ireland,Afghanistan,Sheikh Zayed Stadium
01-08-2017, New Zealand , Bangladesh,New Zealand,Bay Oval
01-06-2017, New Zealand , Bangladesh,New Zealand,Bay Oval
01-03-2017, New Zealand , Bangladesh,New Zealand,McLean Park
12-18-2016, UAE , Afghanistan,Afghanistan,ICC Academy
12-16-2016, UAE , Afghanistan,Afghanistan,Dubai International Cricket Stadium
12-14-2016, UAE , Afghanistan,Afghanistan,ICC Academy
9-27-2016, Pakistan , West Indies,Pakistan,Sheikh Zayed Stadium
9-24-2016, Pakistan , West Indies,Pakistan,Dubai International Cricket Stadium
9-23-2016, Pakistan , West Indies,Pakistan,Dubai International Cricket Stadium
09-09-2016, Sri Lanka , Australia,Australia,R Premadasa Stadium
09-07-2016, England , Pakistan,Pakistan,Old Trafford
09-06-2016, Sri Lanka , Australia,Australia,Pallekele International Cricket Stadium
09-05-2016, Ireland , Hong Kong,Hong Kong,Bready Cricket Club
8-28-2016, India , West Indies,no result,Central Broward Regional Park Stadium Turf Ground
8-27-2016, India , West Indies,West Indies,Central Broward Regional Park Stadium Turf Ground
07-05-2016, England , Sri Lanka,England,The Rose Bowl
6-22-2016, Zimbabwe , India,India,Harare Sports Club
6-20-2016, Zimbabwe , India,India,Harare Sports Club
6-18-2016, Zimbabwe , India,Zimbabwe,Harare Sports Club
04-03-2016, England , West Indies,West Indies,Eden Gardens
3-31-2016, India , West Indies,West Indies,Wankhede Stadium
3-30-2016, England , New Zealand,England,Feroz Shah Kotla
3-28-2016, South Africa , Sri Lanka,South Africa,Feroz Shah Kotla
3-27-2016, India , Australia,India,Punjab Cricket Association IS Bindra Stadium
3-27-2016, Afghanistan , West Indies,Afghanistan,Vidarbha Cricket Association Stadium
3-26-2016, Bangladesh , New Zealand,New Zealand,Eden Gardens
3-26-2016, England , Sri Lanka,England,Feroz Shah Kotla
3-25-2016, Australia , Pakistan,Australia,Punjab Cricket Association IS Bindra Stadium
3-25-2016, South Africa , West Indies,West Indies,Vidarbha Cricket Association Stadium
3-23-2016, Afghanistan , England,England,Feroz Shah Kotla
3-23-2016, India , Bangladesh,India,M Chinnaswamy Stadium
3-22-2016, New Zealand , Pakistan,New Zealand,Punjab Cricket Association IS Bindra Stadium
3-21-2016, Australia , Bangladesh,Australia,M Chinnaswamy Stadium
3-20-2016, Afghanistan , South Africa,South Africa,Wankhede Stadium
3-20-2016, Sri Lanka , West Indies,West Indies,M Chinnaswamy Stadium
3-19-2016, India , Pakistan,India,Eden Gardens
3-18-2016, Australia , New Zealand,New Zealand,Himachal Pradesh Cricket Association Stadium
3-18-2016, England , South Africa,England,Wankhede Stadium
3-17-2016, Afghanistan , Sri Lanka,Sri Lanka,Eden Gardens
3-16-2016, England , West Indies,West Indies,Wankhede Stadium
3-16-2016, Bangladesh , Pakistan,Pakistan,Eden Gardens
3-15-2016, India , New Zealand,New Zealand,Vidarbha Cricket Association Stadium
3-13-2016, Ireland , Netherlands,Netherlands,Himachal Pradesh Cricket Association Stadium
3-13-2016, Bangladesh , Oman,Bangladesh,Himachal Pradesh Cricket Association Stadium
03-12-2016, Afghanistan , Zimbabwe,Afghanistan,Vidarbha Cricket Association Stadium
03-12-2016, Hong Kong , Scotland,Scotland,Vidarbha Cricket Association Stadium
03-11-2016, Bangladesh , Ireland,no result,Himachal Pradesh Cricket Association Stadium
03-10-2016, Scotland , Zimbabwe,Zimbabwe,Vidarbha Cricket Association Stadium
03-10-2016, Afghanistan , Hong Kong,Afghanistan,Vidarbha Cricket Association Stadium
03-09-2016, South Africa , Australia,Australia,Newlands
03-09-2016, Bangladesh , Netherlands,Bangladesh,Himachal Pradesh Cricket Association Stadium
03-09-2016, Ireland , Oman,Oman,Himachal Pradesh Cricket Association Stadium
03-08-2016, Hong Kong , Zimbabwe,Zimbabwe,Vidarbha Cricket Association Stadium
03-08-2016, Afghanistan , Scotland,Afghanistan,Vidarbha Cricket Association Stadium
03-06-2016, South Africa , Australia,Australia,New Wanderers Stadium
03-06-2016, Bangladesh , India,India,Shere Bangla National Stadium
03-04-2016, South Africa , Australia,South Africa,Kingsmead
03-04-2016, Pakistan , Sri Lanka,Pakistan,Shere Bangla National Stadium
03-03-2016, India , UAE,India,Shere Bangla National Stadium
03-02-2016, Bangladesh , Pakistan,Bangladesh,Shere Bangla National Stadium
03-01-2016, India , Sri Lanka,India,Shere Bangla National Stadium
2-29-2016, Pakistan , UAE,Pakistan,Shere Bangla National Stadium
2-28-2016, Bangladesh , Sri Lanka,Bangladesh,Shere Bangla National Stadium
2-27-2016, India , Pakistan,India,Shere Bangla National Stadium
2-26-2016, Bangladesh , UAE,Bangladesh,Shere Bangla National Stadium
2-25-2016, Sri Lanka , UAE,Sri Lanka,Shere Bangla National Stadium
2-24-2016, India , Bangladesh,India,Shere Bangla National Stadium
2-22-2016, Afghanistan , Hong Kong,Afghanistan,Shere Bangla National Stadium
2-22-2016, Oman , UAE,United Arab Emirates,Shere Bangla National Stadium
2-21-2016, South Africa , England,South Africa,New Wanderers Stadium
2-21-2016, Hong Kong , UAE,United Arab Emirates,Khan Shaheb Osman Ali Stadium
2-20-2016, Afghanistan , Oman,Afghanistan,Khan Shaheb Osman Ali Stadium
2-19-2016, South Africa , England,South Africa,Newlands
2-19-2016, Afghanistan , UAE,United Arab Emirates,Khan Shaheb Osman Ali Stadium
2-19-2016, Hong Kong , Oman,Oman,Khan Shaheb Osman Ali Stadium
2-16-2016, UAE , Ireland,United Arab Emirates,Sheikh Zayed Stadium
2-14-2016, UAE , Ireland,Ireland,Sheikh Zayed Stadium
2-14-2016, India , Sri Lanka,India,Dr. Y.S. Rajasekhara Reddy ACA-VDCA Cricket Stadium
02-12-2016, India , Sri Lanka,India,JSCA International Stadium Complex
02-09-2016, Ireland , Papua New Guinea,Papua New Guinea,Tony Ireland Stadium
02-09-2016, India , Sri Lanka,Sri Lanka,Maharashtra Cricket Association Stadium
02-07-2016, Ireland , Papua New Guinea,Ireland,Tony Ireland Stadium
02-04-2016, UAE , Scotland,United Arab Emirates,ICC Academy
02-03-2016, UAE , Netherlands,Netherlands,ICC Academy
1-31-2016, Australia , India,India,Sydney Cricket Ground
1-31-2016, Hong Kong , Scotland,Scotland,Mission Road Ground
1-30-2016, Hong Kong , Scotland,Hong Kong,Mission Road Ground
1-29-2016, Australia , India,India,Melbourne Cricket Ground
1-26-2016, Australia , India,India,Adelaide Oval
1-22-2016, New Zealand , Pakistan,New Zealand,Westpac Stadium
1-22-2016, Bangladesh , Zimbabwe,Zimbabwe,Sheikh Abu Naser Stadium
1-20-2016, Bangladesh , Zimbabwe,Zimbabwe,Sheikh Abu Naser Stadium
1-17-2016, New Zealand , Pakistan,New Zealand,Seddon Park
1-17-2016, Bangladesh , Zimbabwe,Bangladesh,Sheikh Abu Naser Stadium
1-15-2016, New Zealand , Pakistan,Pakistan,Eden Park
1-15-2016, Bangladesh , Zimbabwe,Bangladesh,Sheikh Abu Naser Stadium
01-10-2016, New Zealand , Sri Lanka,New Zealand,Eden Park
01-10-2016, Afghanistan , Zimbabwe,Afghanistan,Sharjah Cricket Stadium
01-08-2016, Afghanistan , Zimbabwe,Afghanistan,Sharjah Cricket Stadium
01-07-2016, New Zealand , Sri Lanka,New Zealand,Bay Oval
11-30-2015, England , Pakistan,tie,Sharjah Cricket Stadium
11-30-2015, Afghanistan , Oman,Afghanistan,Sheikh Zayed Stadium
11-27-2015, England , Pakistan,England,Dubai International Cricket Stadium
11-26-2015, England , Pakistan,England,Dubai International Cricket Stadium
11-26-2015, Hong Kong , Oman,Hong Kong,Sheikh Zayed Stadium
11-25-2015, Hong Kong , Oman,Oman,Sheikh Zayed Stadium
11-22-2015, UAE , Oman,United Arab Emirates,Sheikh Zayed Stadium
11-21-2015, Hong Kong , Oman,Oman,Sheikh Zayed Stadium
11-15-2015, Bangladesh , Zimbabwe,Zimbabwe,Shere Bangla National Stadium
11-13-2015, Bangladesh , Zimbabwe,Bangladesh,Shere Bangla National Stadium
11-11-2015, Sri Lanka , West Indies,West Indies,R Premadasa Stadium
11-09-2015, Sri Lanka , West Indies,Sri Lanka,Pallekele International Cricket Stadium
10-28-2015, Zimbabwe , Afghanistan,Afghanistan,Queens Sports Club
10-26-2015, Zimbabwe , Afghanistan,Afghanistan,Queens Sports Club
10-05-2015, India , South Africa,South Africa,Barabati Stadium
10-02-2015, India , South Africa,South Africa,Himachal Pradesh Cricket Association Stadium
9-29-2015, Zimbabwe , Pakistan,Pakistan,Harare Sports Club
9-27-2015, Zimbabwe , Pakistan,Pakistan,Harare Sports Club
8-31-2015, England , Australia,England,Sophia Gardens
8-16-2015, South Africa , New Zealand,New Zealand,SuperSport Park
8-14-2015, South Africa , New Zealand,South Africa,Kingsmead
08-09-2015, Zimbabwe , New Zealand,New Zealand,Harare Sports Club
08-01-2015, Sri Lanka , Pakistan,Pakistan,R Premadasa Stadium
7-30-2015, Sri Lanka , Pakistan,Pakistan,R Premadasa Stadium
7-25-2015, Hong Kong , Scotland,Scotland,The Village
7-25-2015, Afghanistan , Oman,Afghanistan,Clontarf Cricket Club Ground
7-25-2015, Ireland , Netherlands,Netherlands,The Village
7-23-2015, Afghanistan , Papua New Guinea,Afghanistan,The Village
7-21-2015, Afghanistan , Hong Kong,Hong Kong,The Village
7-19-2015, Zimbabwe , India,Zimbabwe,Harare Sports Club
7-17-2015, Nepal , Papua New Guinea,Papua New Guinea,The Village
7-17-2015, Ireland , Hong Kong,Hong Kong,The Village
7-17-2015, Zimbabwe , India,India,Harare Sports Club
7-15-2015, Ireland , Papua New Guinea,Papua New Guinea,Civil Service Cricket Club
7-15-2015, Hong Kong , Nepal,Hong Kong,Civil Service Cricket Club
7-13-2015, Nepal , Ireland,Ireland,Civil Service Cricket Club
07-12-2015, Netherlands , UAE,Netherlands,Grange Cricket Club Ground
07-12-2015, Scotland , Afghanistan,Afghanistan,Grange Cricket Club Ground
07-11-2015, Scotland , Netherlands,Netherlands,Grange Cricket Club Ground
07-10-2015, Afghanistan , UAE,Afghanistan,Grange Cricket Club Ground
07-09-2015, Scotland , UAE,Scotland,Grange Cricket Club Ground
07-09-2015, Afghanistan , Netherlands,Afghanistan,Grange Cricket Club Ground
07-07-2015, Bangladesh , South Africa,South Africa,Shere Bangla National Stadium
07-05-2015, Bangladesh , South Africa,South Africa,Shere Bangla National Stadium
07-02-2015, Netherlands , Nepal,Netherlands,Hazelaarweg
07-01-2015, Netherlands , Nepal,Netherlands,VRA Ground
6-23-2015, England , New Zealand,England,Old Trafford
6-20-2015, Ireland , Scotland,Scotland,Bready Cricket Club
5-24-2015, Pakistan , Zimbabwe,Pakistan,Gaddafi Stadium
5-22-2015, Pakistan , Zimbabwe,Pakistan,Gaddafi Stadium
4-24-2015, Bangladesh , Pakistan,Bangladesh,Shere Bangla National Stadium
1-14-2015, South Africa , West Indies,South Africa,Kingsmead
01-11-2015, South Africa , West Indies,West Indies,New Wanderers Stadium
01-09-2015, South Africa , West Indies,West Indies,Newlands
12-05-2014, New Zealand , Pakistan,New Zealand,Dubai International Cricket Stadium
12-04-2014, New Zealand , Pakistan,Pakistan,Dubai International Cricket Stadium
11-24-2014, Hong Kong , Nepal,Hong Kong,P Sara Oval
11-09-2014, Australia , South Africa,Australia,Stadium Australia
11-07-2014, Australia , South Africa,Australia,Melbourne Cricket Ground
11-05-2014, Australia , South Africa,South Africa,Adelaide Oval
10-05-2014, Australia , Pakistan,Australia,Dubai International Cricket Stadium
09-07-2014, England , India,England,Edgbaston
8-27-2014, West Indies , Bangladesh,no result,Warner Park
07-06-2014, West Indies , New Zealand,West Indies,Windsor Park
07-05-2014, West Indies , New Zealand,New Zealand,Windsor Park
5-20-2014, England , Sri Lanka,Sri Lanka,Kennington Oval
04-06-2014, India , Sri Lanka,Sri Lanka,Shere Bangla National Stadium
04-04-2014, India , South Africa,India,Shere Bangla National Stadium
04-03-2014, Sri Lanka , West Indies,Sri Lanka,Shere Bangla National Stadium
04-01-2014, Bangladesh , Australia,Australia,Shere Bangla National Stadium
04-01-2014, Pakistan , West Indies,West Indies,Shere Bangla National Stadium
3-31-2014, England , Netherlands,Netherlands,Zahur Ahmed Chowdhury Stadium
3-31-2014, New Zealand , Sri Lanka,Sri Lanka,Zahur Ahmed Chowdhury Stadium
3-30-2014, Bangladesh , Pakistan,Pakistan,Shere Bangla National Stadium
3-30-2014, Australia , India,India,Shere Bangla National Stadium
3-29-2014, Netherlands , New Zealand,New Zealand,Zahur Ahmed Chowdhury Stadium
3-29-2014, England , South Africa,South Africa,Zahur Ahmed Chowdhury Stadium
3-28-2014, Australia , West Indies,West Indies,Shere Bangla National Stadium
3-28-2014, Bangladesh , India,India,Shere Bangla National Stadium
3-27-2014, Netherlands , South Africa,South Africa,Zahur Ahmed Chowdhury Stadium
3-27-2014, England , Sri Lanka,England,Zahur Ahmed Chowdhury Stadium
3-25-2014, Bangladesh , West Indies,West Indies,Shere Bangla National Stadium
3-24-2014, New Zealand , South Africa,South Africa,Zahur Ahmed Chowdhury Stadium
3-24-2014, Netherlands , Sri Lanka,Sri Lanka,Zahur Ahmed Chowdhury Stadium
3-23-2014, Australia , Pakistan,Pakistan,Shere Bangla National Stadium
3-23-2014, India , West Indies,India,Shere Bangla National Stadium
3-22-2014, South Africa , Sri Lanka,Sri Lanka,Zahur Ahmed Chowdhury Stadium
3-22-2014, England , New Zealand,New Zealand,Zahur Ahmed Chowdhury Stadium
3-21-2014, UAE , Zimbabwe,Zimbabwe,Sylhet Stadium
3-21-2014, Ireland , Netherlands,Netherlands,Sylhet Stadium
3-21-2014, India , Pakistan,India,Shere Bangla National Stadium
3-20-2014, Afghanistan , Nepal,Nepal,Zahur Ahmed Chowdhury Stadium
3-20-2014, Bangladesh , Hong Kong,Hong Kong,Zahur Ahmed Chowdhury Stadium
3-19-2014, Netherlands , Zimbabwe,Zimbabwe,Sylhet Stadium
3-19-2014, Ireland , UAE,Ireland,Sylhet Stadium
3-18-2014, Afghanistan , Hong Kong,Afghanistan,Zahur Ahmed Chowdhury Stadium
3-18-2014, Bangladesh , Nepal,Bangladesh,Zahur Ahmed Chowdhury Stadium
3-17-2014, Ireland , Zimbabwe,Ireland,Sylhet Stadium
3-17-2014, Netherlands , UAE,Netherlands,Sylhet Stadium
3-16-2014, Bangladesh , Afghanistan,Bangladesh,Shere Bangla National Stadium
3-16-2014, Hong Kong , Nepal,Nepal,Zahur Ahmed Chowdhury Stadium
3-14-2014, South Africa , Australia,Australia,SuperSport Park
3-13-2014, West Indies , England,England,Kensington Oval
03-12-2014, South Africa , Australia,Australia,Kingsmead
03-11-2014, West Indies , England,West Indies,Kensington Oval
03-09-2014, West Indies , England,West Indies,Kensington Oval
2-21-2014, West Indies , Ireland,West Indies,Sabina Park
2-19-2014, West Indies , Ireland,Ireland,Sabina Park
2-14-2014, Bangladesh , Sri Lanka,Sri Lanka,Zahur Ahmed Chowdhury Stadium
02-12-2014, Bangladesh , Sri Lanka,Sri Lanka,Zahur Ahmed Chowdhury Stadium
02-02-2014, Australia , England,Australia,Stadium Australia
1-31-2014, Australia , England,Australia,Melbourne Cricket Ground
1-29-2014, Australia , England,Australia,Bellerive Oval
1-15-2014, New Zealand , West Indies,New Zealand,Westpac Stadium
01-11-2014, New Zealand , West Indies,New Zealand,Eden Park
12-13-2013, Pakistan , Sri Lanka,Sri Lanka,Dubai International Cricket Stadium
12-11-2013, Pakistan , Sri Lanka,Pakistan,Dubai International Cricket Stadium
12-08-2013, Afghanistan , Pakistan,Pakistan,Sharjah Cricket Stadium
11-30-2013, Afghanistan , Ireland,Ireland,Sheikh Zayed Stadium
11-28-2013, Netherlands , Scotland,Netherlands,Sheikh Zayed Stadium
11-26-2013, Canada , Kenya,Kenya,Sharjah Cricket Stadium
11-24-2013, Afghanistan , Kenya,Afghanistan,Sharjah Cricket Stadium
11-23-2013, Kenya , Netherlands,Netherlands,ICC Academy
11-22-2013, Netherlands , Scotland,Scotland,ICC Academy
11-22-2013, South Africa , Pakistan,Pakistan,Newlands
11-21-2013, Sri Lanka , New Zealand,Sri Lanka,Pallekele International Cricket Stadium
11-20-2013, South Africa , Pakistan,South Africa,New Wanderers Stadium
11-19-2013, Kenya , Scotland,Kenya,ICC Academy
11-16-2013, Canada , Ireland,Ireland,Sheikh Zayed Stadium
11-16-2013, Afghanistan , Scotland,Afghanistan,Sharjah Cricket Stadium
11-15-2013, Pakistan , South Africa,South Africa,Dubai International Cricket Stadium
11-15-2013, Afghanistan , Netherlands,Netherlands,Sharjah Cricket Stadium
11-13-2013, Pakistan , South Africa,South Africa,Dubai International Cricket Stadium
11-06-2013, Bangladesh , New Zealand,New Zealand,Shere Bangla National Stadium
10-11-2013, Afghanistan , Kenya,Kenya,Sharjah Cricket Stadium
10-10-2013, India , Australia,India,Saurashtra Cricket Association Stadium
9-30-2013, Afghanistan , Kenya,Afghanistan,Sharjah Cricket Stadium
8-31-2013, England , Australia,England,Riverside Ground
8-29-2013, England , Australia,Australia,The Rose Bowl
8-24-2013, Zimbabwe , Pakistan,Pakistan,Harare Sports Club
8-23-2013, Zimbabwe , Pakistan,Pakistan,Harare Sports Club
08-06-2013, Sri Lanka , South Africa,Sri Lanka,Mahinda Rajapaksa International Cricket Stadium
08-04-2013, Sri Lanka , South Africa,South Africa,Mahinda Rajapaksa International Cricket Stadium
08-02-2013, Sri Lanka , South Africa,South Africa,R Premadasa Stadium
7-28-2013, West Indies , Pakistan,Pakistan,Arnos Vale Ground
7-27-2013, West Indies , Pakistan,Pakistan,Arnos Vale Ground
6-27-2013, England , New Zealand,no result,Kennington Oval
6-25-2013, England , New Zealand,New Zealand,Kennington Oval
05-12-2013, Zimbabwe , Bangladesh,Bangladesh,Queens Sports Club
05-11-2013, Zimbabwe , Bangladesh,Zimbabwe,Queens Sports Club
4-20-2013, Kenya , Netherlands,Kenya,Wanderers Cricket Ground
4-19-2013, Kenya , Netherlands,Kenya,Wanderers Cricket Ground
3-31-2013, Sri Lanka , Bangladesh,Sri Lanka,Pallekele International Cricket Stadium
3-16-2013, Canada , Kenya,Kenya,ICC Global Cricket Academy
3-15-2013, Canada , Kenya,Canada,ICC Global Cricket Academy
03-04-2013, Afghanistan , Scotland,Afghanistan,Sharjah Cricket Stadium
03-03-2013, South Africa , Pakistan,Pakistan,SuperSport Park
03-03-2013, Afghanistan , Scotland,Afghanistan,Sharjah Cricket Stadium
03-03-2013, West Indies , Zimbabwe,West Indies,Sir Vivian Richards Stadium
03-02-2013, West Indies , Zimbabwe,West Indies,Sir Vivian Richards Stadium
2-15-2013, New Zealand , England,England,Westpac Stadium
2-13-2013, Australia , West Indies,West Indies,Brisbane Cricket Ground
02-12-2013, New Zealand , England,New Zealand,Seddon Park
02-09-2013, New Zealand , England,England,Eden Park
1-28-2013, Australia , Sri Lanka,Sri Lanka,Melbourne Cricket Ground
1-26-2013, Australia , Sri Lanka,Sri Lanka,Stadium Australia
12-28-2012, India , Pakistan,India,Sardar Patel Stadium
12-26-2012, South Africa , New Zealand,South Africa,St George's Park
12-25-2012, India , Pakistan,Pakistan,M Chinnaswamy Stadium
12-23-2012, South Africa , New Zealand,New Zealand,Buffalo Park
12-22-2012, India , England,England,Wankhede Stadium
12-21-2012, South Africa , New Zealand,South Africa,Kingsmead
12-20-2012, India , England,India,Subrata Roy Sahara Stadium
12-10-2012, Bangladesh , West Indies,West Indies,Shere Bangla National Stadium
10-30-2012, Sri Lanka , New Zealand,no result,Pallekele International Cricket Stadium
10-07-2012, Sri Lanka , West Indies,West Indies,R Premadasa Stadium
10-05-2012, Australia , West Indies,West Indies,R Premadasa Stadium
10-04-2012, Sri Lanka , Pakistan,Sri Lanka,R Premadasa Stadium
10-02-2012, Australia , Pakistan,Pakistan,R Premadasa Stadium
10-02-2012, India , South Africa,India,R Premadasa Stadium
10-01-2012, New Zealand , West Indies,tie,Pallekele International Cricket Stadium
10-01-2012, Sri Lanka , England,Sri Lanka,Pallekele International Cricket Stadium
9-30-2012, Australia , South Africa,Australia,R Premadasa Stadium
9-30-2012, India , Pakistan,India,R Premadasa Stadium
9-29-2012, England , New Zealand,England,Pallekele International Cricket Stadium
9-29-2012, Sri Lanka , West Indies,Sri Lanka,Pallekele International Cricket Stadium
9-28-2012, Pakistan , South Africa,Pakistan,R Premadasa Stadium
9-28-2012, Australia , India,Australia,R Premadasa Stadium
9-27-2012, Sri Lanka , New Zealand,tie,Pallekele International Cricket Stadium
9-27-2012, England , West Indies,West Indies,Pallekele International Cricket Stadium
9-25-2012, Bangladesh , Pakistan,Pakistan,Pallekele International Cricket Stadium
9-24-2012, Ireland , West Indies,no result,R Premadasa Stadium
9-23-2012, New Zealand , Pakistan,Pakistan,Pallekele International Cricket Stadium
9-23-2012, England , India,India,R Premadasa Stadium
9-22-2012, Sri Lanka , South Africa,South Africa,Mahinda Rajapaksa International Cricket Stadium
9-22-2012, Australia , West Indies,Australia,R Premadasa Stadium
9-21-2012, Bangladesh , New Zealand,New Zealand,Pallekele International Cricket Stadium
9-21-2012, Afghanistan , England,England,R Premadasa Stadium
9-20-2012, South Africa , Zimbabwe,South Africa,Mahinda Rajapaksa International Cricket Stadium
9-19-2012, Australia , Ireland,Australia,R Premadasa Stadium
9-19-2012, Afghanistan , India,India,R Premadasa Stadium
9-18-2012, Sri Lanka , Zimbabwe,Sri Lanka,Mahinda Rajapaksa International Cricket Stadium
09-12-2012, England , South Africa,England,Edgbaston
09-11-2012, India , New Zealand,New Zealand,MA Chidambaram Stadium
09-10-2012, England , South Africa,no result,Old Trafford
09-10-2012, Australia , Pakistan,Australia,Dubai International Cricket Stadium
09-08-2012, England , South Africa,South Africa,Riverside Ground
09-07-2012, Australia , Pakistan,tie,Dubai International Cricket Stadium
09-05-2012, Australia , Pakistan,Pakistan,Dubai International Cricket Stadium
08-07-2012, Sri Lanka , India,India,Pallekele International Cricket Stadium
7-26-2012, Netherlands , Bangladesh,Netherlands,Sportpark Westvliet
7-25-2012, Netherlands , Bangladesh,Bangladesh,Sportpark Westvliet
7-18-2012, Ireland , Bangladesh,Bangladesh,Civil Service Cricket Club
07-01-2012, New Zealand , West Indies,West Indies,Central Broward Regional Park Stadium Turf Ground
6-30-2012, New Zealand , West Indies,West Indies,Central Broward Regional Park Stadium Turf Ground
6-24-2012, England , West Indies,England,Trent Bridge
06-03-2012, Sri Lanka , Pakistan,Pakistan,Mahinda Rajapaksa International Cricket Stadium
06-01-2012, Sri Lanka , Pakistan,Sri Lanka,Mahinda Rajapaksa International Cricket Stadium
3-30-2012, West Indies , Australia,West Indies,Kensington Oval
3-30-2012, South Africa , India,South Africa,New Wanderers Stadium
3-27-2012, West Indies , Australia,Australia,Beausejour Stadium
3-24-2012, Afghanistan , Ireland,Ireland,Dubai International Cricket Stadium
3-23-2012, Ireland , Netherlands,Ireland,Dubai International Cricket Stadium
3-23-2012, Canada , Scotland,Scotland,Dubai International Cricket Stadium
3-22-2012, Canada , Ireland,Ireland,Dubai International Cricket Stadium
3-18-2012, Ireland , Scotland,Ireland,Dubai International Cricket Stadium
3-18-2012, Afghanistan , Canada,Afghanistan,ICC Global Cricket Academy
3-14-2012, Ireland , Kenya,Ireland,Dubai International Cricket Stadium
3-14-2012, Afghanistan , Netherlands,Afghanistan,Dubai International Cricket Stadium
3-13-2012, Canada , Netherlands,Netherlands,Dubai International Cricket Stadium
2-27-2012, England , Pakistan,England,Sheikh Zayed Stadium
2-25-2012, England , Pakistan,England,Dubai International Cricket Stadium
2-24-2012, Kenya , Ireland,Ireland,Mombasa Sports Club Ground
2-23-2012, England , Pakistan,Pakistan,Dubai International Cricket Stadium
2-23-2012, Kenya , Ireland,Ireland,Mombasa Sports Club Ground
2-22-2012, New Zealand , South Africa,South Africa,Eden Park
2-22-2012, Kenya , Ireland,Ireland,Mombasa Sports Club Ground
2-19-2012, New Zealand , South Africa,South Africa,Seddon Park
2-17-2012, New Zealand , South Africa,New Zealand,Westpac Stadium
2-14-2012, New Zealand , Zimbabwe,New Zealand,Seddon Park
02-11-2012, New Zealand , Zimbabwe,New Zealand,Eden Park
02-03-2012, Australia , India,India,Melbourne Cricket Ground
02-01-2012, Australia , India,Australia,Stadium Australia
11-29-2011, Bangladesh , Pakistan,Pakistan,Shere Bangla National Stadium
11-25-2011, Pakistan , Sri Lanka,Pakistan,Sheikh Zayed Stadium
10-29-2011, India , England,England,Eden Gardens
10-17-2011, Zimbabwe , New Zealand,New Zealand,Harare Sports Club
10-16-2011, South Africa , Australia,South Africa,New Wanderers Stadium
10-15-2011, Zimbabwe , New Zealand,New Zealand,Harare Sports Club
10-13-2011, South Africa , Australia,Australia,Newlands
10-11-2011, Bangladesh , West Indies,Bangladesh,Shere Bangla National Stadium
9-25-2011, England , West Indies,West Indies,Kennington Oval
9-23-2011, England , West Indies,England,Kennington Oval
9-18-2011, Zimbabwe , Pakistan,Pakistan,Harare Sports Club
9-16-2011, Zimbabwe , Pakistan,Pakistan,Harare Sports Club
8-31-2011, England , India,England,Old Trafford
08-08-2011, Sri Lanka , Australia,Sri Lanka,Pallekele International Cricket Stadium
08-06-2011, Sri Lanka , Australia,Sri Lanka,Pallekele International Cricket Stadium
6-25-2011, England , Sri Lanka,Sri Lanka,County Ground
06-04-2011, West Indies , India,India,Queen's Park Oval
4-21-2011, West Indies , Pakistan,West Indies,Beausejour Stadium
1-14-2011, Australia , England,Australia,Melbourne Cricket Ground
01-12-2011, Australia , England,England,Adelaide Oval
01-09-2011, South Africa , India,India,Moses Mabhida Stadium
12-30-2010, New Zealand , Pakistan,Pakistan,AMI Stadium
12-28-2010, New Zealand , Pakistan,New Zealand,Seddon Park
12-26-2010, New Zealand , Pakistan,New Zealand,Eden Park
10-31-2010, Australia , Sri Lanka,Sri Lanka,Western Australia Cricket Association Ground
10-27-2010, Pakistan , South Africa,South Africa,Sheikh Zayed Stadium
10-26-2010, Pakistan , South Africa,South Africa,Sheikh Zayed Stadium
10-10-2010, South Africa , Zimbabwe,South Africa,De Beers Diamond Oval
10-08-2010, South Africa , Zimbabwe,South Africa,OUTsurance Oval
09-07-2010, England , Pakistan,England,Sophia Gardens
09-05-2010, England , Pakistan,England,Sophia Gardens
07-06-2010, Australia , Pakistan,Pakistan,Edgbaston
07-05-2010, Australia , Pakistan,Pakistan,Edgbaston
6-13-2010, Zimbabwe , India,India,Harare Sports Club
06-12-2010, Zimbabwe , India,India,Harare Sports Club
5-23-2010, New Zealand , Sri Lanka,Sri Lanka,Central Broward Regional Park Stadium Turf Ground
5-22-2010, New Zealand , Sri Lanka,New Zealand,Central Broward Regional Park Stadium Turf Ground
5-20-2010, West Indies , South Africa,South Africa,Sir Vivian Richards Stadium
5-19-2010, West Indies , South Africa,South Africa,Sir Vivian Richards Stadium
5-16-2010, Australia , England,England,Kensington Oval
5-14-2010, Australia , Pakistan,Australia,Beausejour Stadium
5-13-2010, England , Sri Lanka,England,Beausejour Stadium
05-11-2010, India , Sri Lanka,Sri Lanka,Beausejour Stadium
05-11-2010, West Indies , Australia,Australia,Beausejour Stadium
05-10-2010, Pakistan , South Africa,Pakistan,Beausejour Stadium
05-10-2010, England , New Zealand,England,Beausejour Stadium
05-09-2010, West Indies , India,West Indies,Kensington Oval
05-09-2010, Australia , Sri Lanka,Australia,Kensington Oval
05-08-2010, New Zealand , Pakistan,New Zealand,Kensington Oval
05-08-2010, England , South Africa,England,Kensington Oval
05-07-2010, Australia , India,Australia,Kensington Oval
05-07-2010, West Indies , Sri Lanka,Sri Lanka,Kensington Oval
05-06-2010, England , Pakistan,England,Kensington Oval
05-06-2010, New Zealand , South Africa,South Africa,Kensington Oval
05-05-2010, Afghanistan , South Africa,South Africa,Kensington Oval
05-05-2010, Australia , Bangladesh,Australia,Kensington Oval
05-04-2010, England , Ireland,no result,Providence Stadium
05-04-2010, New Zealand , Zimbabwe,New Zealand,Providence Stadium
05-03-2010, West Indies , England,West Indies,Providence Stadium
05-03-2010, Sri Lanka , Zimbabwe,Sri Lanka,Providence Stadium
05-02-2010, India , South Africa,India,Beausejour Stadium
05-02-2010, Australia , Pakistan,Australia,Beausejour Stadium
05-01-2010, Afghanistan , India,India,Beausejour Stadium
05-01-2010, Bangladesh , Pakistan,Pakistan,Beausejour Stadium
4-30-2010, West Indies , Ireland,West Indies,Providence Stadium
4-30-2010, New Zealand , Sri Lanka,New Zealand,Providence Stadium
2-28-2010, New Zealand , Australia,tie,AMI Stadium
2-28-2010, West Indies , Zimbabwe,Zimbabwe,Queen's Park Oval
2-26-2010, New Zealand , Australia,Australia,Westpac Stadium
2-23-2010, Australia , West Indies,Australia,Sydney Cricket Ground
2-21-2010, Australia , West Indies,Australia,Bellerive Oval
2-20-2010, England , Pakistan,Pakistan,Dubai International Cricket Stadium
2-19-2010, England , Pakistan,England,Dubai International Cricket Stadium
2-13-2010, Ireland , Netherlands,Ireland,Dubai International Cricket Stadium
2-13-2010, Afghanistan , Ireland,Afghanistan,Dubai International Cricket Stadium
02-12-2010, Afghanistan , Netherlands,Netherlands,Dubai International Cricket Stadium
02-11-2010, Ireland , Scotland,Ireland,Dubai International Cricket Stadium
02-10-2010, Canada , Kenya,Kenya,Dubai International Cricket Stadium
02-09-2010, Afghanistan , Ireland,Afghanistan,Dubai International Cricket Stadium
02-09-2010, Canada , Netherlands,Netherlands,Dubai International Cricket Stadium
02-05-2010, Australia , Pakistan,Australia,Melbourne Cricket Ground
02-03-2010, New Zealand , Bangladesh,New Zealand,Seddon Park
12-12-2009, India , Sri Lanka,India,Punjab Cricket Association Stadium
12-09-2009, India , Sri Lanka,Sri Lanka,Vidarbha Cricket Association Stadium
11-15-2009, South Africa , England,South Africa,SuperSport Park
11-13-2009, South Africa , England,England,New Wanderers Stadium
11-13-2009, New Zealand , Pakistan,Pakistan,Dubai International Cricket Stadium
11-12-2009, New Zealand , Pakistan,Pakistan,Dubai International Cricket Stadium
09-04-2009, Sri Lanka , New Zealand,New Zealand,R Premadasa Stadium
09-02-2009, Sri Lanka , New Zealand,New Zealand,R Premadasa Stadium
8-30-2009, England , Australia,no result,Old Trafford
08-12-2009, Sri Lanka , Pakistan,Pakistan,R Premadasa Stadium
08-02-2009, West Indies , Bangladesh,West Indies,Warner Park
6-21-2009, Pakistan , Sri Lanka,Pakistan,Lord's
6-19-2009, Sri Lanka , West Indies,Sri Lanka,Kennington Oval
6-18-2009, Pakistan , South Africa,Pakistan,Trent Bridge
6-16-2009, New Zealand , Sri Lanka,Sri Lanka,Trent Bridge
6-16-2009, India , South Africa,South Africa,Trent Bridge
6-15-2009, England , West Indies,West Indies,Kennington Oval
6-15-2009, Ireland , Pakistan,Pakistan,Kennington Oval
6-14-2009, Ireland , Sri Lanka,Sri Lanka,Lord's
6-14-2009, England , India,England,Lord's
6-13-2009, South Africa , West Indies,South Africa,Kennington Oval
6-13-2009, New Zealand , Pakistan,Pakistan,Kennington Oval
06-12-2009, Pakistan , Sri Lanka,Sri Lanka,Lord's
06-12-2009, India , West Indies,West Indies,Lord's
06-11-2009, Ireland , New Zealand,New Zealand,Trent Bridge
06-11-2009, England , South Africa,South Africa,Trent Bridge
06-10-2009, India , Ireland,India,Trent Bridge
06-10-2009, Sri Lanka , West Indies,Sri Lanka,Trent Bridge
06-09-2009, Netherlands , Pakistan,Pakistan,Lord's
06-09-2009, New Zealand , South Africa,South Africa,Lord's
06-08-2009, Bangladesh , Ireland,Ireland,Trent Bridge
06-08-2009, Australia , Sri Lanka,Sri Lanka,Trent Bridge
06-07-2009, Scotland , South Africa,South Africa,Kennington Oval
06-07-2009, England , Pakistan,England,Kennington Oval
06-06-2009, New Zealand , Scotland,New Zealand,Kennington Oval
06-06-2009, Australia , West Indies,West Indies,Kennington Oval
06-06-2009, Bangladesh , India,India,Trent Bridge
06-05-2009, England , Netherlands,Netherlands,Lord's
05-07-2009, Australia , Pakistan,Pakistan,Dubai International Cricket Stadium
3-29-2009, South Africa , Australia,South Africa,SuperSport Park
3-27-2009, South Africa , Australia,South Africa,New Wanderers Stadium
3-15-2009, West Indies , England,West Indies,Queen's Park Oval
2-27-2009, New Zealand , India,New Zealand,Westpac Stadium
2-25-2009, New Zealand , India,New Zealand,AMI Stadium
2-15-2009, Australia , New Zealand,Australia,Sydney Cricket Ground
02-10-2009, Sri Lanka , India,India,R Premadasa Stadium
1-13-2009, Australia , South Africa,Australia,Brisbane Cricket Ground
01-11-2009, Australia , South Africa,Australia,Melbourne Cricket Ground
12-28-2008, New Zealand , West Indies,New Zealand,Seddon Park
12-26-2008, New Zealand , West Indies,tie,Eden Park
11-05-2008, South Africa , Bangladesh,South Africa,New Wanderers Stadium
10-13-2008, Pakistan , Sri Lanka,Sri Lanka,Maple Leaf North-West Ground
10-11-2008, Pakistan , Sri Lanka,Pakistan,Maple Leaf North-West Ground
08-04-2008, Ireland , Kenya,Ireland,Civil Service Cricket Club
08-04-2008, Netherlands , Scotland,Netherlands,Civil Service Cricket Club
08-03-2008, Bermuda , Scotland,Scotland,Civil Service Cricket Club
6-20-2008, West Indies , Australia,West Indies,Kensington Oval
6-13-2008, England , New Zealand,England,Old Trafford
4-20-2008, Pakistan , Bangladesh,Pakistan,National Stadium
02-07-2008, New Zealand , England,England,Jade Stadium
02-05-2008, New Zealand , England,England,Eden Park
02-01-2008, Australia , India,Australia,Melbourne Cricket Ground
1-18-2008, South Africa , West Indies,South Africa,New Wanderers Stadium
12-16-2007, South Africa , West Indies,West Indies,St George's Park
12-11-2007, Australia , New Zealand,Australia,Western Australia Cricket Association Ground
11-23-2007, South Africa , New Zealand,South Africa,New Wanderers Stadium
10-20-2007, India , Australia,India,Brabourne Stadium
9-24-2007, India , Pakistan,India,New Wanderers Stadium
9-22-2007, New Zealand , Pakistan,Pakistan,Newlands
9-22-2007, Australia , India,India,Kingsmead
9-20-2007, Australia , Sri Lanka,Australia,Newlands
9-20-2007, Bangladesh , Pakistan,Pakistan,Newlands
9-20-2007, South Africa , India,India,Kingsmead
9-19-2007, South Africa , New Zealand,South Africa,Kingsmead
9-19-2007, England , India,India,Kingsmead
9-18-2007, England , New Zealand,New Zealand,Kingsmead
9-18-2007, Australia , Pakistan,Pakistan,New Wanderers Stadium
9-18-2007, Bangladesh , Sri Lanka,Sri Lanka,New Wanderers Stadium
9-17-2007, Pakistan , Sri Lanka,Pakistan,New Wanderers Stadium
9-16-2007, India , New Zealand,New Zealand,New Wanderers Stadium
9-16-2007, Australia , Bangladesh,Australia,Newlands
9-16-2007, South Africa , England,South Africa,Newlands
9-15-2007, New Zealand , Sri Lanka,Sri Lanka,New Wanderers Stadium
9-15-2007, South Africa , Bangladesh,South Africa,Newlands
9-14-2007, Kenya , Sri Lanka,Sri Lanka,New Wanderers Stadium
9-14-2007, Australia , England,Australia,Newlands
9-14-2007, India , Pakistan,tie,Kingsmead
9-13-2007, Bangladesh , West Indies,Bangladesh,New Wanderers Stadium
9-13-2007, England , Zimbabwe,England,Newlands
09-12-2007, Kenya , New Zealand,New Zealand,Kingsmead
09-12-2007, Pakistan , Scotland,Pakistan,Kingsmead
09-12-2007, Australia , Zimbabwe,Zimbabwe,Newlands
09-11-2007, South Africa , West Indies,South Africa,New Wanderers Stadium
09-04-2007, Kenya , Pakistan,Pakistan,Gymkhana Club Ground
09-02-2007, Bangladesh , Pakistan,Pakistan,Gymkhana Club Ground
09-01-2007, Kenya , Bangladesh,Bangladesh,Gymkhana Club Ground
6-29-2007, England , West Indies,England,Kennington Oval
6-28-2007, England , West Indies,West Indies,Kennington Oval
01-09-2007, Australia , England,Australia,Sydney Cricket Ground
12-26-2006, New Zealand , Sri Lanka,New Zealand,Eden Park
12-22-2006, New Zealand , Sri Lanka,Sri Lanka,Westpac Stadium
12-01-2006, South Africa , India,India,New Wanderers Stadium
8-28-2006, England , Pakistan,Pakistan,County Ground
6-15-2006, England , Sri Lanka,Sri Lanka,The Rose Bowl
2-24-2006, South Africa , Australia,South Africa,New Wanderers Stadium
2-16-2006, New Zealand , West Indies,tie,Eden Park
01-09-2006, Australia , South Africa,Australia,Brisbane Cricket Ground
10-21-2005, South Africa , New Zealand,New Zealand,New Wanderers Stadium
6-13-2005, England , Australia,England,The Rose Bowl
2-17-2005, New Zealand , Australia,Australia,Eden Park
